"タイトル","公開日","URL","長さ","ptitle","playlistId"
"【大学数学】微分方程式入門①(微分方程式とは)","2020-04-21T06:13:19Z","https://www.youtube.com/watch?v=po97dnBfoco","00:33:15","微分方程式","PLDJfzGjtVLHnmhT1AhMx7bSt0ZOGbIP3c"
"【大学数学】微分方程式入門②(変数分離形)","2020-04-23T14:52:01Z","https://www.youtube.com/watch?v=uPRY-KUl4fg","00:36:45","微分方程式","PLDJfzGjtVLHnmhT1AhMx7bSt0ZOGbIP3c"
"【大学数学】微分方程式入門③(同次形)","2020-04-29T15:03:58Z","https://www.youtube.com/watch?v=QeYOiFU6UNs","00:21:34","微分方程式","PLDJfzGjtVLHnmhT1AhMx7bSt0ZOGbIP3c"
"生物学を教養として学ぶべき理由【教養として学ぶ生物学】","2020-04-02T19:29:31.000Z","https://www.youtube.com/watch?v=Cy9breHH-wg","00:13:02","教養として学ぶ生物学","PLDJfzGjtVLHm9TIkDxW0OCKMH2SnYwfYI"
"真核細胞と原核細胞【教養として学ぶ生物学】","2020-04-03T20:40:08.000Z","https://www.youtube.com/watch?v=fdKR9Ke9a3w","00:18:26","教養として学ぶ生物学","PLDJfzGjtVLHm9TIkDxW0OCKMH2SnYwfYI"
"中学で習うことでもノーベル賞！？ノーベル化学賞全解説①(1901~1920)","2020-03-07T11:29:43.000Z","https://www.youtube.com/watch?v=xs-n7x9SQP8","00:31:31","ノーベル化学賞全解説","PLDJfzGjtVLHn_TDyuyP9hQ4crNb-kzeJg"
"少し重い原子の発見とその大胆な活用法！ノーベル化学賞全解説②(1921~1940)","2020-03-15T05:57:12.000Z","https://www.youtube.com/watch?v=RRtOb7YdrIs","00:27:53","ノーベル化学賞全解説","PLDJfzGjtVLHn_TDyuyP9hQ4crNb-kzeJg"
"炭素を用いて歴史に迫る！？ノーベル化学賞全解説③(1941~1960)","2020-03-21T16:14:38.000Z","https://www.youtube.com/watch?v=OxyOkEiMLlw","00:25:05","ノーベル化学賞全解説","PLDJfzGjtVLHn_TDyuyP9hQ4crNb-kzeJg"
"不可逆過程に散逸構造！カッコいい言葉が並ぶノーベル化学賞全解説④(1961~1980)","2020-03-29T08:09:52.000Z","https://www.youtube.com/watch?v=DigF7CNHf-4","00:30:09","ノーベル化学賞全解説","PLDJfzGjtVLHn_TDyuyP9hQ4crNb-kzeJg"
"フロンティア軌道理論に軌道対称性保存則！？ノーベル化学賞全解説⑤(1981~2000)","2020-04-04T17:49:41.000Z","https://www.youtube.com/watch?v=uz76DW2Wz-A","00:29:14","ノーベル化学賞全解説","PLDJfzGjtVLHn_TDyuyP9hQ4crNb-kzeJg"
"死の生物学とは何か？ノーベル化学賞全解説⑥(2001~2019)","2020-04-11T16:08:22.000Z","https://www.youtube.com/watch?v=V0qix3u0Gs8","00:35:48","ノーベル化学賞全解説","PLDJfzGjtVLHn_TDyuyP9hQ4crNb-kzeJg"
"【悪問集】本当に出題された怖い入試！誰も解けない難問たちを我々が供養します。【ほん怖パロディ】","2020-02-22T17:03:50.000Z","https://www.youtube.com/watch?v=_x2Mv49mt6k","00:14:34","ヨビノリ他チャンネル出演","PLDJfzGjtVLHnmh0ovWXaQ1Wo7uFQLa0W5"
"【東大生vs】一流大学はどこだ？！豪華メンバーによる高学歴格付けチェックじゃぁああぁ！！！！！！！！","2020-02-22T17:04:10.000Z","https://www.youtube.com/watch?v=7jkq28pRj-c","00:29:50","ヨビノリ他チャンネル出演","PLDJfzGjtVLHnmh0ovWXaQ1Wo7uFQLa0W5"
"Sラン高校集結！『おっぱい関数甲子園』がスゴすぎて学会発表レベルなのだがｗｗｗｗｗ【地上波放送レベル】","2020-02-22T17:49:27.000Z","https://www.youtube.com/watch?v=eO1RGCZzQEg","00:27:05","ヨビノリ他チャンネル出演","PLDJfzGjtVLHnmh0ovWXaQ1Wo7uFQLa0W5"
"ついに決定！高校生対抗おっぱい関数甲子園の優勝校はここだ！天才的おっぱいの連続に審査員感動wwwww","2020-02-22T17:49:31.000Z","https://www.youtube.com/watch?v=5ZyMILcVG-Y","00:28:18","ヨビノリ他チャンネル出演","PLDJfzGjtVLHnmh0ovWXaQ1Wo7uFQLa0W5"
"高学歴YouTuberが「苦手な分野」だけでクイズするとこうなるwwwwwww","2020-02-22T17:07:45.000Z","https://www.youtube.com/watch?v=e4RD2MB9R5w","00:13:55","ヨビノリ他チャンネル出演","PLDJfzGjtVLHnmh0ovWXaQ1Wo7uFQLa0W5"
"【新発明】ドンジャラを魔改造したでんがん絵合わせパズル「デンジャラ」がクソ難すぎて笑うwwwwwww","2020-03-27T15:27:20.000Z","https://www.youtube.com/watch?v=jyoPfYcO-DI","00:14:51","ヨビノリ他チャンネル出演","PLDJfzGjtVLHnmh0ovWXaQ1Wo7uFQLa0W5"
"【豪華すぎ】もしも生徒と先生の数が逆転したら生徒の成績めちゃくちゃ伸びんじゃねぇええええぇええ？？！！","2020-03-27T15:27:25.000Z","https://www.youtube.com/watch?v=g1mDU3JVPlM","00:15:42","ヨビノリ他チャンネル出演","PLDJfzGjtVLHnmh0ovWXaQ1Wo7uFQLa0W5"
"【ヨビノリコラボ】たくみから我らが誇り""積分""を取り戻します【受験生必見】【ガチ数学対決】","2020-02-22T17:04:19.000Z","https://www.youtube.com/watch?v=WrqArdYqK5Q","00:16:49","ヨビノリ他チャンネル出演","PLDJfzGjtVLHnmh0ovWXaQ1Wo7uFQLa0W5"
"顔が丸い人の円周率は3.14なの？計算しよう。","2020-02-22T17:04:58.000Z","https://www.youtube.com/watch?v=cbwU85_KwKM","00:05:05","ヨビノリ他チャンネル出演","PLDJfzGjtVLHnmh0ovWXaQ1Wo7uFQLa0W5"
"【でんがん×たくみ】将棋初心者がヨビノリたくみに将棋をガチで教わります。","2020-02-22T17:04:37.000Z","https://www.youtube.com/watch?v=XlBwcIQuX7o","00:24:26","ヨビノリ他チャンネル出演","PLDJfzGjtVLHnmh0ovWXaQ1Wo7uFQLa0W5"
"【後編】将棋初心者がヨビノリたくみに将棋をガチで教わります。【でんがん×たくみ】","2020-02-22T17:04:00.000Z","https://www.youtube.com/watch?v=DRmNOgNyyl0","00:20:30","ヨビノリ他チャンネル出演","PLDJfzGjtVLHnmh0ovWXaQ1Wo7uFQLa0W5"
"[初コラボ]鈴木貫太郎、ヨビノリたくみ、もっちゃんと4人で視聴者の勉強の疑問についてお答えします。","2020-02-22T17:07:16.000Z","https://www.youtube.com/watch?v=PbpoJAx-IUk","00:12:50","ヨビノリ他チャンネル出演","PLDJfzGjtVLHnmh0ovWXaQ1Wo7uFQLa0W5"
"【激ムズ】ヨビノリたくみと高校数学を暗算で解いてみたらまさかの結果になったwwww","2020-02-23T01:22:59.000Z","https://www.youtube.com/watch?v=T5h1JRaGcC4","00:10:23","ヨビノリ他チャンネル出演","PLDJfzGjtVLHnmh0ovWXaQ1Wo7uFQLa0W5"
"数学の魅力とは？中田敦彦と人気教育系YouTuberヨビノリたくみ先生が初コラボ","2020-02-22T17:29:25.000Z","https://www.youtube.com/watch?v=qxiAyyotAM0","00:11:06","ヨビノリ他チャンネル出演","PLDJfzGjtVLHnmh0ovWXaQ1Wo7uFQLa0W5"
"堀江の知識量に驚き！？ヨビノリたくみと教育を熱く語る【HIUトークイベント】","2020-02-22T17:05:45.000Z","https://www.youtube.com/watch?v=OBUHMCDlK98","00:13:50","ヨビノリ他チャンネル出演","PLDJfzGjtVLHnmh0ovWXaQ1Wo7uFQLa0W5"
"数学を学ぶことのメリットとその魅力【ヨビノリたくみ×堀江貴文】","2020-02-22T17:42:28.000Z","https://www.youtube.com/watch?v=9YrPicqGGL0","00:11:26","ヨビノリ他チャンネル出演","PLDJfzGjtVLHnmh0ovWXaQ1Wo7uFQLa0W5"
"YouTubeを始めるなら顔出しは必須？ホリエモンも驚きのVTuberとは…！？【ヨビノリたくみ×堀江貴文】","2020-02-22T17:11:36.000Z","https://www.youtube.com/watch?v=X16J1aE-NuE","00:10:27","ヨビノリ他チャンネル出演","PLDJfzGjtVLHnmh0ovWXaQ1Wo7uFQLa0W5"
"小学生からの質問に意見が対立！？勉強を楽しくする方法とは【ヨビノリたくみ×堀江貴文】","2020-02-22T17:05:53.000Z","https://www.youtube.com/watch?v=zXBgi8lmKhg","00:08:36","ヨビノリ他チャンネル出演","PLDJfzGjtVLHnmh0ovWXaQ1Wo7uFQLa0W5"
"ホリエモンの教育者嫌いの理由とは…？ヨビノリたくみと教育を語る【ヨビノリたくみ×堀江貴文】","2020-02-22T17:42:37.000Z","https://www.youtube.com/watch?v=a1vx03UaJ3E","00:12:56","ヨビノリ他チャンネル出演","PLDJfzGjtVLHnmh0ovWXaQ1Wo7uFQLa0W5"
"堀江がTwitterでブチ切れる理由…！？誹謗中傷への対処方法とは【ヨビノリたくみ×堀江貴文】","2020-02-22T17:09:08.000Z","https://www.youtube.com/watch?v=MOhiRFPTuOc","00:14:54","ヨビノリ他チャンネル出演","PLDJfzGjtVLHnmh0ovWXaQ1Wo7uFQLa0W5"
"【ドラゴン堀江コラボ】だれでも解ける東大数学〜東大二次試験講座vol.1〜","2020-02-22T17:08:34.000Z","https://www.youtube.com/watch?v=qL1KDZDMUT0","00:29:05","ヨビノリ他チャンネル出演","PLDJfzGjtVLHnmh0ovWXaQ1Wo7uFQLa0W5"
"【ドラゴン堀江コラボ】センター数学講座編vol. 1：基礎編〜数の分類〜","2020-02-22T17:42:41.000Z","https://www.youtube.com/watch?v=tYE7cKxqyJ4","00:17:15","ヨビノリ他チャンネル出演","PLDJfzGjtVLHnmh0ovWXaQ1Wo7uFQLa0W5"
"【ドラゴン堀江コラボ】応用問題から学べ！〜東大二次試験講座vol.2〜","2020-02-22T17:42:51.000Z","https://www.youtube.com/watch?v=WajTrs5YpUw","00:29:34","ヨビノリ他チャンネル出演","PLDJfzGjtVLHnmh0ovWXaQ1Wo7uFQLa0W5"
"【ドラゴン堀江コラボ】センター数学講座編vol.4：循環小数の応用問題を解説！","2020-02-22T17:43:03.000Z","https://www.youtube.com/watch?v=Dx_hpDILzBQ","00:18:49","ヨビノリ他チャンネル出演","PLDJfzGjtVLHnmh0ovWXaQ1Wo7uFQLa0W5"
"【ドラゴン堀江コラボ】センター数学講座編vol.2：分数と循環小数","2020-02-22T17:43:15.000Z","https://www.youtube.com/watch?v=fNJ7NwDShfw","00:23:27","ヨビノリ他チャンネル出演","PLDJfzGjtVLHnmh0ovWXaQ1Wo7uFQLa0W5"
"【ドラゴン堀江コラボ】センター数学講座編vol.3：有限小数と循環小数の判定","2020-02-22T17:43:20.000Z","https://www.youtube.com/watch?v=4Wx5TX2CChc","00:18:25","ヨビノリ他チャンネル出演","PLDJfzGjtVLHnmh0ovWXaQ1Wo7uFQLa0W5"
"予備校講師にいきなり1万円あげて「30分以内で使い切って」と言ったらどんな使い方をするのか？【ヨビノリたくみ（ドラゴン堀江講師）コラボ】","2020-02-22T17:05:02.000Z","https://www.youtube.com/watch?v=-dDnpUwzIkg","00:15:35","ヨビノリ他チャンネル出演","PLDJfzGjtVLHnmh0ovWXaQ1Wo7uFQLa0W5"
"【ヨビノリたくみさん】ドラゴン堀江理系講師・数学の魔術師の東大大学院時代に迫る！","2020-02-22T17:04:29.000Z","https://www.youtube.com/watch?v=GarBemrjQNE","00:19:43","ヨビノリ他チャンネル出演","PLDJfzGjtVLHnmh0ovWXaQ1Wo7uFQLa0W5"
"【バレたら終了】授業中にふざけまくれば勝ち！内職王決定戦！【ヨビノリたくみ×もっちゃん×しゅんダイアリー×wakatte.TVコラボ】","2020-02-22T17:06:34.000Z","https://www.youtube.com/watch?v=Ik1_irGdvy4","00:16:34","ヨビノリ他チャンネル出演","PLDJfzGjtVLHnmh0ovWXaQ1Wo7uFQLa0W5"
"予備校講師は試験で満点取れるの！？抜き打ちチェック！","2020-02-22T17:05:10.000Z","https://www.youtube.com/watch?v=aMGJbf-opWU","00:06:22","ヨビノリ他チャンネル出演","PLDJfzGjtVLHnmh0ovWXaQ1Wo7uFQLa0W5"
"#15 初ゲスト！ヨビノリたくみさんとコラボ","2020-02-22T17:05:37.000Z","https://www.youtube.com/watch?v=qeP8eK-aGds","00:59:17","ヨビノリ他チャンネル出演","PLDJfzGjtVLHnmh0ovWXaQ1Wo7uFQLa0W5"
"とある男が二人の男を巻き込んでトークイベントをしてみた","2020-02-23T01:22:44.000Z","https://www.youtube.com/watch?v=_cBChaLEI4o","01:08:12","ヨビノリ他チャンネル出演","PLDJfzGjtVLHnmh0ovWXaQ1Wo7uFQLa0W5"
"【コラボ生放送】ヨビノリたくみ君をいじり倒そうの会","2020-02-22T17:07:40.000Z","https://www.youtube.com/watch?v=u8tts4ZzdHk","01:32:12","ヨビノリ他チャンネル出演","PLDJfzGjtVLHnmh0ovWXaQ1Wo7uFQLa0W5"
"ヨビノリたくみ君を解剖しようとしたらはなおさん巻き込んでしまった【ヨビノリ×はいち】","2020-02-22T17:06:18.000Z","https://www.youtube.com/watch?v=cbrOXjw2NVY","00:09:16","ヨビノリ他チャンネル出演","PLDJfzGjtVLHnmh0ovWXaQ1Wo7uFQLa0W5"
"【vsヨビノリ】センター化学ガチ対決！選択肢だけで解いたら衝撃の結果にwww","2020-02-22T17:33:28.000Z","https://www.youtube.com/watch?v=IojoUKD28uU","00:25:35","ヨビノリ他チャンネル出演","PLDJfzGjtVLHnmh0ovWXaQ1Wo7uFQLa0W5"
"【ヨビノリの本気】センター物理ガチ対決！物理Youtuberが本気出したら想定外の結末にwww","2020-02-22T17:05:49.000Z","https://www.youtube.com/watch?v=CBBB6OhegqE","00:16:58","ヨビノリ他チャンネル出演","PLDJfzGjtVLHnmh0ovWXaQ1Wo7uFQLa0W5"
"【衝撃の点数】センター現代文を設問だけ見て解いた結果…〈現役東大生VSヨビノリ〉","2020-02-22T17:06:07.000Z","https://www.youtube.com/watch?v=1XORdTZ-Zg4","00:10:44","ヨビノリ他チャンネル出演","PLDJfzGjtVLHnmh0ovWXaQ1Wo7uFQLa0W5"
"数学の魔術師がいたらやりそうなこと〈ヨビノリたくみ×もっちゃんねる〉","2020-02-22T17:06:41.000Z","https://www.youtube.com/watch?v=2FnFFpV1O6s","00:05:01","ヨビノリ他チャンネル出演","PLDJfzGjtVLHnmh0ovWXaQ1Wo7uFQLa0W5"
"サラリーマン鈴木貫太郎〈でんがん・ヨビノリ出演〉","2020-02-22T17:08:47.000Z","https://www.youtube.com/watch?v=Kr8B5F1dOxs","00:05:52","ヨビノリ他チャンネル出演","PLDJfzGjtVLHnmh0ovWXaQ1Wo7uFQLa0W5"
"YouTuberと『ジョン・ウィック：パラベラム』感想語り合い！二人の意外な趣味が明らかに…【ヨビノリたくみ・文学YouTuberベル】","2020-03-27T15:26:41.000Z","https://www.youtube.com/watch?v=_kat6nFIwjQ","00:09:28","ヨビノリ他チャンネル出演","PLDJfzGjtVLHnmh0ovWXaQ1Wo7uFQLa0W5"
"アベンジャーズ1ミリも知らない人にキャラの設定を自由に考えてもらったら…【ミリしら】【ヨビノリコラボ】","2020-02-23T02:24:29.000Z","https://www.youtube.com/watch?v=ADUcQy2goXA","00:18:50","ヨビノリ他チャンネル出演","PLDJfzGjtVLHnmh0ovWXaQ1Wo7uFQLa0W5"
"【理系】童話""ジャックと豆の木""の破壊力を計算してみたらとんでもない数値になったwww","2020-02-22T17:10:15.000Z","https://www.youtube.com/watch?v=J36TWd0_kog","00:09:01","ヨビノリ他チャンネル出演","PLDJfzGjtVLHnmh0ovWXaQ1Wo7uFQLa0W5"
"文系にこそ読んで欲しい理系本3選！【ヨビノリコラボ】","2020-02-22T17:10:48.000Z","https://www.youtube.com/watch?v=uf_9ZRXNFNw","00:23:01","ヨビノリ他チャンネル出演","PLDJfzGjtVLHnmh0ovWXaQ1Wo7uFQLa0W5"
"【塾あるある】質問攻めにうなずき魔！塾にいる生徒あるあるやってみた！【ヨビノリコラボ】","2020-02-22T17:10:59.000Z","https://www.youtube.com/watch?v=RTIjv7qFsuA","00:04:55","ヨビノリ他チャンネル出演","PLDJfzGjtVLHnmh0ovWXaQ1Wo7uFQLa0W5"
"音声なし！センター英語リスニング制限対決【ヨビノリたくみ×ATSU】","2020-02-22T17:06:28.000Z","https://www.youtube.com/watch?v=gw0tzEXskmg","00:09:40","ヨビノリ他チャンネル出演","PLDJfzGjtVLHnmh0ovWXaQ1Wo7uFQLa0W5"
"【質問コーナー】勉強に関する質問に真面目に答えました【AKITO×ヨビノリ】","2020-02-22T17:09:58.000Z","https://www.youtube.com/watch?v=wl6Mf42a3Ik","00:05:54","ヨビノリ他チャンネル出演","PLDJfzGjtVLHnmh0ovWXaQ1Wo7uFQLa0W5"
"YouTube講師【ヨビノリ】のたくみさんと雑談","2020-02-22T17:08:29.000Z","https://www.youtube.com/watch?v=w3UxdqOcUKQ","00:45:23","ヨビノリ他チャンネル出演","PLDJfzGjtVLHnmh0ovWXaQ1Wo7uFQLa0W5"
"ヨビノリのたくみさんにインタビュー！！","2020-02-22T17:08:15.000Z","https://www.youtube.com/watch?v=qIvGgwWAo6c","00:07:20","ヨビノリ他チャンネル出演","PLDJfzGjtVLHnmh0ovWXaQ1Wo7uFQLa0W5"
"【∇演算子ゲーム】ヨビノリのたくみさん vs AKITO","2020-02-22T17:09:04.000Z","https://www.youtube.com/watch?v=esjuV9dSKeM","00:06:06","ヨビノリ他チャンネル出演","PLDJfzGjtVLHnmh0ovWXaQ1Wo7uFQLa0W5"
"【ヨビノリたくみ】予言的中！Youtuberマニアが推す知る人ぞ知るYoutuber３選","2020-02-22T17:11:03.000Z","https://www.youtube.com/watch?v=28XyUTnJ4lk","00:15:52","ヨビノリ他チャンネル出演","PLDJfzGjtVLHnmh0ovWXaQ1Wo7uFQLa0W5"
"【ヨビノリたくみ】秒でバズるYouTuber3選","2020-02-22T17:11:07.000Z","https://www.youtube.com/watch?v=K9kQK9KBVxA","00:15:22","ヨビノリ他チャンネル出演","PLDJfzGjtVLHnmh0ovWXaQ1Wo7uFQLa0W5"
"受験生の質問にひたすら答えました。【ヨビノリたくみ】","2020-02-22T17:09:53.000Z","https://www.youtube.com/watch?v=A-7MSB_Zak4","01:07:11","ヨビノリ他チャンネル出演","PLDJfzGjtVLHnmh0ovWXaQ1Wo7uFQLa0W5"
"作家・道尾秀介さんにヨビノリたくみが新作についてインタビュー！【カエルの小指】","2020-02-22T17:08:51.000Z","https://www.youtube.com/watch?v=LwxX4U_jh2Q","00:17:38","ヨビノリ他チャンネル出演","PLDJfzGjtVLHnmh0ovWXaQ1Wo7uFQLa0W5"
"【ヨビノリ】意識低い方がフリーランスで活躍できる理由【りゅうけん】","2020-02-22T17:08:59.000Z","https://www.youtube.com/watch?v=Emnp5TddDT0","00:13:41","ヨビノリ他チャンネル出演","PLDJfzGjtVLHnmh0ovWXaQ1Wo7uFQLa0W5"
"【名探偵コナン再現】ヨビノリたくみと挑む！『１万円札の上に立つトリック』に魂のリベンジ!!【三人の第一発見者/アニメ792話.793話】","2020-02-22T17:09:24.000Z","https://www.youtube.com/watch?v=O6mbopeLLgg","00:13:03","ヨビノリ他チャンネル出演","PLDJfzGjtVLHnmh0ovWXaQ1Wo7uFQLa0W5"
"【コナン検証】恐怖！迫り来る血の足跡トリック再現してみた【紅の修学旅行（鮮紅編、恋紅編）/アニメ927話.928話】","2020-02-23T02:49:12.000Z","https://www.youtube.com/watch?v=DwgANkkTIs8","00:09:55","ヨビノリ他チャンネル出演","PLDJfzGjtVLHnmh0ovWXaQ1Wo7uFQLa0W5"
"【ゲスト回】ヨビノリたくみさん登場！生配信SP【おこたしゃべり】","2020-02-22T17:07:30.000Z","https://www.youtube.com/watch?v=gEd2JOyqI9E","01:02:56","ヨビノリ他チャンネル出演","PLDJfzGjtVLHnmh0ovWXaQ1Wo7uFQLa0W5"
"【ゲスト回】XXCLUB大島くん、ヨビノリたくみさん登場！【おこたしゃべり】","2020-02-22T17:10:10.000Z","https://www.youtube.com/watch?v=VBMGcwoNotQ","01:05:56","ヨビノリ他チャンネル出演","PLDJfzGjtVLHnmh0ovWXaQ1Wo7uFQLa0W5"
"【ゲスト回】ヨビノリたくみさん登場！ホリエモンさんドッキリ企画裏話！生配信SP【おこたしゃべり】","2020-02-22T17:10:26.000Z","https://www.youtube.com/watch?v=v7lvVt65q8s","01:05:26","ヨビノリ他チャンネル出演","PLDJfzGjtVLHnmh0ovWXaQ1Wo7uFQLa0W5"
"【ゲスト回】ヨビノリたくみさん、XXCLUB大島くん登場！生配信SP【おこたしゃべり】","2020-02-22T17:10:33.000Z","https://www.youtube.com/watch?v=GSPxP5SWDTQ","01:00:41","ヨビノリ他チャンネル出演","PLDJfzGjtVLHnmh0ovWXaQ1Wo7uFQLa0W5"
"【ゲスト回】ヨビノリたくみさん登場！生配信SP【おこたしゃべり】","2020-02-23T14:27:38.000Z","https://www.youtube.com/watch?v=duIU4IlFsUM","01:01:34","ヨビノリ他チャンネル出演","PLDJfzGjtVLHnmh0ovWXaQ1Wo7uFQLa0W5"
"【ゲスト回】 ヨビノリたくみさん【にわかバナシ】","2020-02-22T17:12:03.000Z","https://www.youtube.com/watch?v=ExcrqIM6w1A","00:24:00","ヨビノリ他チャンネル出演","PLDJfzGjtVLHnmh0ovWXaQ1Wo7uFQLa0W5"
"ヨビノリたくみさん！収入を普通に言う【にわかバナシ】","2020-02-22T17:10:20.000Z","https://www.youtube.com/watch?v=ylXn7-LczaQ","00:30:57","ヨビノリ他チャンネル出演","PLDJfzGjtVLHnmh0ovWXaQ1Wo7uFQLa0W5"
"【収録回】ヨビノリたくみさん【にわかバナシ】","2020-02-22T17:13:37.000Z","https://www.youtube.com/watch?v=NtacYnoOHug","00:22:52","ヨビノリ他チャンネル出演","PLDJfzGjtVLHnmh0ovWXaQ1Wo7uFQLa0W5"
"【公開収録】ヨビノリたくみ＆もっちゃんとお笑いライブ【にわかバナシ】","2020-02-22T17:13:27.000Z","https://www.youtube.com/watch?v=SDcT3mTaB_E","00:38:13","ヨビノリ他チャンネル出演","PLDJfzGjtVLHnmh0ovWXaQ1Wo7uFQLa0W5"
"東大生YouTuberと吉本芸人、クイズバトル勃発！！【にわかバナシ】","2020-02-23T02:50:51.000Z","https://www.youtube.com/watch?v=UwMTR_ervTA","00:23:42","ヨビノリ他チャンネル出演","PLDJfzGjtVLHnmh0ovWXaQ1Wo7uFQLa0W5"
"【コラボ企画！】ヨビノリたくみ君に新刊のことを聞いてみた！","2020-02-22T17:11:13.000Z","https://www.youtube.com/watch?v=ocQRtie1erE","00:09:23","ヨビノリ他チャンネル出演","PLDJfzGjtVLHnmh0ovWXaQ1Wo7uFQLa0W5"
"【ヨビノリたくみコラボ】学生時代にやっておくべきこと｜司法試験最短合格の道！資格スクエア「ハンパないチャンネル」vol.445","2020-02-22T17:09:35.000Z","https://www.youtube.com/watch?v=LLqLkiXo6eE","00:04:58","ヨビノリ他チャンネル出演","PLDJfzGjtVLHnmh0ovWXaQ1Wo7uFQLa0W5"
"【ヨビノリたくみさんコラボ】カメラに向かって話す心構え｜司法試験最短合格の道！資格スクエア「ハンパないチャンネル」vol.444","2020-02-22T17:11:45.000Z","https://www.youtube.com/watch?v=Nxsp4YJfAFE","00:06:15","ヨビノリ他チャンネル出演","PLDJfzGjtVLHnmh0ovWXaQ1Wo7uFQLa0W5"
"【特別企画】ヨビノリたくみさんと対談②　～ヨビノリたくみさんに高校教育の現状について思いを語っていただきました～","2020-02-22T17:11:32.000Z","https://www.youtube.com/watch?v=5IxDEBqPvkk","00:19:19","ヨビノリ他チャンネル出演","PLDJfzGjtVLHnmh0ovWXaQ1Wo7uFQLa0W5"
"【特別企画】ヨビノリたくみさんと対談①　～ヨビノリたくみさんに色々聞いてみました～","2020-02-22T17:11:54.000Z","https://www.youtube.com/watch?v=EQyAjaTRyV0","00:19:52","ヨビノリ他チャンネル出演","PLDJfzGjtVLHnmh0ovWXaQ1Wo7uFQLa0W5"
"【格付け】 一流塾講師なら違いが分かる難問に挑む!?【wakatte.TV】#88","2020-02-22T17:12:11.000Z","https://www.youtube.com/watch?v=bNw43jZXxiw","00:09:16","ヨビノリ他チャンネル出演","PLDJfzGjtVLHnmh0ovWXaQ1Wo7uFQLa0W5"
"【ゲスト】東大しりとりwith「ヨビノリ」たくみさん！！","2020-02-22T17:11:39.000Z","https://www.youtube.com/watch?v=F9MeT4QLndA","00:04:43","ヨビノリ他チャンネル出演","PLDJfzGjtVLHnmh0ovWXaQ1Wo7uFQLa0W5"
"【ゲスト】「ヨビノリ」のたくみさん登場！","2020-02-22T17:12:38.000Z","https://www.youtube.com/watch?v=V3VPFuONt80","00:04:14","ヨビノリ他チャンネル出演","PLDJfzGjtVLHnmh0ovWXaQ1Wo7uFQLa0W5"
"【ゲスト】幽☆遊☆白書大喜利with「ヨビノリ」たくみさん","2020-02-22T17:10:42.000Z","https://www.youtube.com/watch?v=xb8OHlLQdhA","00:06:41","ヨビノリ他チャンネル出演","PLDJfzGjtVLHnmh0ovWXaQ1Wo7uFQLa0W5"
"【一発ギャグ】ヨビノリたくみ様がどんぐりたけしを！？！？あなたの番です考察、XXCLUB大島様！！ベルりんの壁ベル様！！もっちゃん様！！【プレイヤーチェンジ】","2020-02-22T17:12:30.000Z","https://www.youtube.com/watch?v=qu-OBcThRtU","00:00:58","ヨビノリ他チャンネル出演","PLDJfzGjtVLHnmh0ovWXaQ1Wo7uFQLa0W5"
"【ヨビノリたくみ✖️ドラゴン細井】物理勉強法まとめPart.1【初学者から医学部受験生まで】","2020-02-22T17:06:51.000Z","https://www.youtube.com/watch?v=MPiYa-rTUE4","00:12:52","ヨビノリ他チャンネル出演","PLDJfzGjtVLHnmh0ovWXaQ1Wo7uFQLa0W5"
"化学勉強法まとめ！最短攻略ルートを教えます【ヨビノリたくみ✖︎ドラゴン細井】","2020-02-22T17:07:35.000Z","https://www.youtube.com/watch?v=Bknag20lHHw","00:08:48","ヨビノリ他チャンネル出演","PLDJfzGjtVLHnmh0ovWXaQ1Wo7uFQLa0W5"
"偏差値70の壁を越える！物理勉強法まとめPart.2【ヨビノリたくみ✖︎ドラゴン細井】","2020-02-22T17:12:56.000Z","https://www.youtube.com/watch?v=uTIQzCfYKI4","00:08:46","ヨビノリ他チャンネル出演","PLDJfzGjtVLHnmh0ovWXaQ1Wo7uFQLa0W5"
"ヨビノリたくみ登場！数学の魔術師が教える最速で数学を伸ばす方法【本出版記念】","2020-02-22T17:06:23.000Z","https://www.youtube.com/watch?v=sMQ6iWBnM6Y","00:11:48","ヨビノリ他チャンネル出演","PLDJfzGjtVLHnmh0ovWXaQ1Wo7uFQLa0W5"
"出版記念第２弾! ヨビノリたくみxドラゴン細井で数学の勉強法まとめ！偏差値70を超える方法まで大公開！","2020-02-22T17:07:22.000Z","https://www.youtube.com/watch?v=gXmq5A-srvU","00:10:58","ヨビノリ他チャンネル出演","PLDJfzGjtVLHnmh0ovWXaQ1Wo7uFQLa0W5"
"VTuber × YouTuber コラボライブ！ もっちゃんとヨビノリたくみさんと #VRアカデミア でお届けするカオスな2時間","2020-02-22T17:11:23.000Z","https://www.youtube.com/watch?v=9BHks91SYUo","01:59:24","ヨビノリ他チャンネル出演","PLDJfzGjtVLHnmh0ovWXaQ1Wo7uFQLa0W5"
"教育系ユーチューバー予備ノリのすごすぎる時間術に迫る！【ヨビノリ】","2020-02-22T17:13:21.000Z","https://www.youtube.com/watch?v=dSjI8OQrSlQ","00:08:52","ヨビノリ他チャンネル出演","PLDJfzGjtVLHnmh0ovWXaQ1Wo7uFQLa0W5"
"【教育系YouTuber】ヨビノリたくみの正体に迫る【収入・目標・予備校復帰】","2020-02-22T17:29:31.000Z","https://www.youtube.com/watch?v=xnDHrfvHg-Y","00:16:54","ヨビノリ他チャンネル出演","PLDJfzGjtVLHnmh0ovWXaQ1Wo7uFQLa0W5"
"生徒から見た『ドラゴン堀江』講師陣のイメージとは…？","2020-02-22T17:43:44.000Z","https://www.youtube.com/watch?v=TOr8qRrRqc0","00:18:02","ヨビノリ他チャンネル出演","PLDJfzGjtVLHnmh0ovWXaQ1Wo7uFQLa0W5"
"東大合格の秘訣は小学生時代にあり！？ ドラゴン堀江講師XXCLUB大島育宙の過去に迫る！","2020-02-22T17:43:55.000Z","https://www.youtube.com/watch?v=LU8sAK5bB_8","00:09:37","ヨビノリ他チャンネル出演","PLDJfzGjtVLHnmh0ovWXaQ1Wo7uFQLa0W5"
"塾でのバイトを考えている人必見！？ ドラゴン堀江メンバーが塾について語る！","2020-02-22T17:44:01.000Z","https://www.youtube.com/watch?v=AnlnzYOtpQo","00:13:48","ヨビノリ他チャンネル出演","PLDJfzGjtVLHnmh0ovWXaQ1Wo7uFQLa0W5"
"頭脳王河野玄斗×東大王砂川信哉×ヨビノリたくみのセンターガチ予想【英語編】","2020-02-23T01:22:11.000Z","https://www.youtube.com/watch?v=6PCeAo3GUpg","00:17:43","ヨビノリ他チャンネル出演","PLDJfzGjtVLHnmh0ovWXaQ1Wo7uFQLa0W5"
"【的中必須】最強東大生がセンター国数の予想したらまさかの答え被りwwwwwww","2020-02-23T01:22:17.000Z","https://www.youtube.com/watch?v=xzGro2ieobM","00:19:46","ヨビノリ他チャンネル出演","PLDJfzGjtVLHnmh0ovWXaQ1Wo7uFQLa0W5"
"世界最大のクリスマスケーキを一瞬で作る！【実験】science experiments","2020-02-23T01:52:21.000Z","https://www.youtube.com/watch?v=2dnMYSBCcss","00:04:38","ヨビノリ他チャンネル出演","PLDJfzGjtVLHnmh0ovWXaQ1Wo7uFQLa0W5"
"【ヨビノリコラボ】理系なら絶対にわかるラップ【MV】","2020-03-05T15:42:59.000Z","https://www.youtube.com/watch?v=OKDf6aj6EDs","00:01:44","ヨビノリ他チャンネル出演","PLDJfzGjtVLHnmh0ovWXaQ1Wo7uFQLa0W5"
"ヨビノリたくみにプログラミングについて聞いてみた。","2020-03-27T15:26:47.000Z","https://www.youtube.com/watch?v=lP1N3P6wBZk","00:08:02","ヨビノリ他チャンネル出演","PLDJfzGjtVLHnmh0ovWXaQ1Wo7uFQLa0W5"
"中学数学からはじめる微分積分","2020-02-22T17:00:48Z","https://www.youtube.com/watch?v=4p1rwfXbCoY","01:46:23","大型授業","PLDJfzGjtVLHmN-qNWkVuS9FykIm9Rdyet"
"中学数学からはじめる相対性理論","2020-02-22T17:00:48Z","https://www.youtube.com/watch?v=voFHToRM4xI","02:03:08","大型授業","PLDJfzGjtVLHmN-qNWkVuS9FykIm9Rdyet"
"現在から宇宙の終焉まで【宇宙の歴史②(未来編)】","2020-02-22T17:00:48Z","https://www.youtube.com/watch?v=o5DeLXaYNZM","00:21:30","大型授業","PLDJfzGjtVLHmN-qNWkVuS9FykIm9Rdyet"
"宇宙創生から現在まで【宇宙の歴史①(過去編)】","2020-02-22T17:00:48Z","https://www.youtube.com/watch?v=1qUrdcRkRLc","00:25:41","大型授業","PLDJfzGjtVLHmN-qNWkVuS9FykIm9Rdyet"
"目視から回転歯車まで！光の速さはどう測る？","2020-02-22T17:00:48Z","https://www.youtube.com/watch?v=p3MrNShSq-Y","00:23:48","大型授業","PLDJfzGjtVLHmN-qNWkVuS9FykIm9Rdyet"
"もしも生徒が全員予備校講師だったら","2020-02-22T17:00:48Z","https://www.youtube.com/watch?v=LkyIr5fcnpI","00:57:40","大型授業","PLDJfzGjtVLHmN-qNWkVuS9FykIm9Rdyet"
"【大学物理】熱力学入門①(概観と魅力)【非物理学科も歓迎】","2020-02-15T05:12:43Z","https://www.youtube.com/watch?v=438x0ZS4bV4","00:25:44","熱力学・熱化学","PLDJfzGjtVLHmZ58sJM_NfuwYN9_DDs1XO"
"【大学物理】熱力学入門②(仕事と熱：熱力学第一法則)","2020-02-17T14:32:59Z","https://www.youtube.com/watch?v=A4YBZR-f_ug","00:37:09","熱力学・熱化学","PLDJfzGjtVLHmZ58sJM_NfuwYN9_DDs1XO"
"【大学物理】熱力学入門③(エンタルピー)","2020-03-02T10:18:07Z","https://www.youtube.com/watch?v=1WwFlK6jjQE","00:24:35","熱力学・熱化学","PLDJfzGjtVLHmZ58sJM_NfuwYN9_DDs1XO"
"【大学物理】熱力学入門④(エントロピー)","2020-03-17T18:27:21Z","https://www.youtube.com/watch?v=gUdHEZGwsuw","00:42:27","熱力学・熱化学","PLDJfzGjtVLHmZ58sJM_NfuwYN9_DDs1XO"
"【大学物理】熱力学入門⑤(ヘルムホルツの自由エネルギー)","2020-04-08T09:33:52Z","https://www.youtube.com/watch?v=N1tub3Ofh1E","00:22:46","熱力学・熱化学","PLDJfzGjtVLHmZ58sJM_NfuwYN9_DDs1XO"
"【大学物理】仕事と熱の分子論的解釈(第二法則の気持ち)【熱力学】","2020-02-07T13:38:09Z","https://www.youtube.com/watch?v=BQ6ABXrexNc","00:13:14","熱力学・熱化学","PLDJfzGjtVLHmZ58sJM_NfuwYN9_DDs1XO"
"物理学の根幹を揺るがす思考実験(マクスウェルの悪魔)","2020-04-29T04:37:08Z","https://www.youtube.com/watch?v=AFx6CqYtbwQ","00:23:18","熱力学・熱化学","PLDJfzGjtVLHmZ58sJM_NfuwYN9_DDs1XO"
"宇宙創生から現在まで【宇宙の歴史①(過去編)】","2020-01-12T01:56:07Z","https://www.youtube.com/watch?v=1qUrdcRkRLc","00:25:41","宇宙","PLDJfzGjtVLHnUUw5blgAazsJligLYs16g"
"現在から宇宙の終焉まで【宇宙の歴史②(未来編)】","2020-01-18T16:47:47Z","https://www.youtube.com/watch?v=o5DeLXaYNZM","00:21:30","宇宙","PLDJfzGjtVLHnUUw5blgAazsJligLYs16g"
"目視から回転歯車まで！光の速さはどう測る？","2020-01-23T18:27:46Z","https://www.youtube.com/watch?v=p3MrNShSq-Y","00:23:48","宇宙","PLDJfzGjtVLHnUUw5blgAazsJligLYs16g"
"もしも生徒が全員予備校講師だったら","2020-02-22T08:56:52Z","https://www.youtube.com/watch?v=LkyIr5fcnpI","00:57:40","宇宙","PLDJfzGjtVLHnUUw5blgAazsJligLYs16g"
"電子の予言と発見！ノーベル物理学賞全解説①(1901~1920)","2019-11-16T18:28:31.000Z","https://www.youtube.com/watch?v=OOiuRvJRUz4","00:33:22","ノーベル物理学賞全解説","PLDJfzGjtVLHndwiLYe-WxDWWo9WzRlaxy"
"光は粒子なのか波なのか？ノーベル物理学賞全解説②(1921~1940)","2019-11-16T18:28:31.000Z","https://www.youtube.com/watch?v=fpRG9rebfVI","00:40:07","ノーベル物理学賞全解説","PLDJfzGjtVLHndwiLYe-WxDWWo9WzRlaxy"
"反粒子の発見！ノーベル物理学賞全解説③(1941~1960)","2019-11-16T18:28:31.000Z","https://www.youtube.com/watch?v=Z8WMuKA56Ec","00:43:27","ノーベル物理学賞全解説","PLDJfzGjtVLHndwiLYe-WxDWWo9WzRlaxy"
"ついに見つかるビッグバンの痕跡！ノーベル物理学賞全解説④(1961~1980)","2019-11-23T19:57:42.000Z","https://www.youtube.com/watch?v=N4b7bs9vp8A","00:46:10","ノーベル物理学賞全解説","PLDJfzGjtVLHndwiLYe-WxDWWo9WzRlaxy"
"幽霊粒子をついに捉えた人類！ノーベル物理学賞全解説⑤(1981~2000)","2019-11-23T20:25:31.000Z","https://www.youtube.com/watch?v=jnwgExcxkRY","00:34:00","ノーベル物理学賞全解説","PLDJfzGjtVLHndwiLYe-WxDWWo9WzRlaxy"
"正しかった100年越しの予言！ノーベル物理学賞解説⑥(2001~2019)","2019-12-07T18:02:00.000Z","https://www.youtube.com/watch?v=T9JoFxo45ZA","00:42:36","ノーベル物理学賞全解説","PLDJfzGjtVLHndwiLYe-WxDWWo9WzRlaxy"
"レーザー冷却の原理(ドップラー冷却法)【物性物理】","2019-09-23T11:37:03.000Z","https://www.youtube.com/watch?v=kBEwOVH4PBU","00:10:01","物性物理","PLDJfzGjtVLHkQ-5nI_P4gDhCuJ_ZLPEdM"
"【大学物理】電気伝導の古典論(ドルーデ模型)【物性物理】","2019-10-23T14:57:25.000Z","https://www.youtube.com/watch?v=qp0KFIth4Qw","00:12:25","物性物理","PLDJfzGjtVLHkQ-5nI_P4gDhCuJ_ZLPEdM"
"グラフ理論①(一筆書きの定理)","2019-09-07T11:57:31.000Z","https://www.youtube.com/watch?v=PFcuUpBwgtE","00:23:28","離散数学","PLDJfzGjtVLHksNXf_imrPPAWw7Q7yPofQ"
"グラフ理論②(オイラーの多面体定理)","2019-09-07T11:58:00.000Z","https://www.youtube.com/watch?v=8ko9EAVeg4U","00:27:33","離散数学","PLDJfzGjtVLHksNXf_imrPPAWw7Q7yPofQ"
"グラフ理論③(グラフの彩色問題)","2019-09-18T11:52:51.000Z","https://www.youtube.com/watch?v=Tsy9Y8DgIZY","00:32:19","離散数学","PLDJfzGjtVLHksNXf_imrPPAWw7Q7yPofQ"
"グラフ理論④(パーティ問題)","2019-09-11T05:30:30.000Z","https://www.youtube.com/watch?v=1UeJEw5N06w","00:15:10","離散数学","PLDJfzGjtVLHksNXf_imrPPAWw7Q7yPofQ"
"グラフ理論⑤(ダイクストラのアルゴリズム)","2019-09-17T05:49:33.000Z","https://www.youtube.com/watch?v=X1AsMlJdiok","00:15:08","離散数学","PLDJfzGjtVLHksNXf_imrPPAWw7Q7yPofQ"
"グラフ理論⑥(ホールの結婚定理)","2019-12-13T16:55:01.000Z","https://www.youtube.com/watch?v=-W7QTRk0Yic","00:15:34","離散数学","PLDJfzGjtVLHksNXf_imrPPAWw7Q7yPofQ"
"物理で生物を考えるwith情報理論【学術対談】","2019-03-21T06:08:14.000Z","https://www.youtube.com/watch?v=fTMOwXPlXKg","00:12:10","学術対談","PLDJfzGjtVLHkuvquyqcRDYK4mGQ-sg0Pz"
"幾何学が物理学に教えてくれること【学術対談】","2019-03-23T08:24:59.000Z","https://www.youtube.com/watch?v=tEBKxx9bcNQ","00:14:40","学術対談","PLDJfzGjtVLHkuvquyqcRDYK4mGQ-sg0Pz"
"電子を愛してやまない男に物性実験の魅力を聞いてみた【学術対談】","2019-03-30T16:25:22.000Z","https://www.youtube.com/watch?v=LxHBQiY-XbQ","00:14:13","学術対談","PLDJfzGjtVLHkuvquyqcRDYK4mGQ-sg0Pz"
"光を当てて電子をみる【学術対談】","2019-04-28T10:33:36.000Z","https://www.youtube.com/watch?v=FKvXpuNHU14","00:16:42","学術対談","PLDJfzGjtVLHkuvquyqcRDYK4mGQ-sg0Pz"
"26歳の東北大助教に聞く！物理の興味の変遷【学術対談】","2019-05-11T05:22:40.000Z","https://www.youtube.com/watch?v=jTB-_bxv8ps","00:15:22","学術対談","PLDJfzGjtVLHkuvquyqcRDYK4mGQ-sg0Pz"
"非線形なのに解ける？【学術対談】","2019-08-02T05:17:01.000Z","https://www.youtube.com/watch?v=UNKg96RLDFg","00:12:16","学術対談","PLDJfzGjtVLHkuvquyqcRDYK4mGQ-sg0Pz"
"先生はどうやって独学したんですか？【学術対談】","2019-09-07T08:53:16.000Z","https://www.youtube.com/watch?v=4siobjghz2U","00:15:06","学術対談","PLDJfzGjtVLHkuvquyqcRDYK4mGQ-sg0Pz"
"数学だらけの物理の世界！離散可積分系について聞いてみた【学術対談】","2019-09-24T23:46:48.000Z","https://www.youtube.com/watch?v=PeUMTrnNRsM","00:13:32","学術対談","PLDJfzGjtVLHkuvquyqcRDYK4mGQ-sg0Pz"
"数学者、偏微分方程式を語る【学術対談】","2019-10-12T03:43:52.000Z","https://www.youtube.com/watch?v=esXNiukF8OM","00:13:10","学術対談","PLDJfzGjtVLHkuvquyqcRDYK4mGQ-sg0Pz"
"超越数って何だろう？","2018-12-27T14:43:34.000Z","https://www.youtube.com/watch?v=ucIFer-8Z0k","00:09:43","数学(その他)","PLDJfzGjtVLHlOHY4LI2mER3Y9UAbVK4mg"
"eが超越数であることの証明","2018-12-27T14:43:34.000Z","https://www.youtube.com/watch?v=_DJfeP0cmI8","00:34:07","数学(その他)","PLDJfzGjtVLHlOHY4LI2mER3Y9UAbVK4mg"
"3×3の魔方陣が1種類しか存在しないことの証明","2018-12-27T14:43:34.000Z","https://www.youtube.com/watch?v=1_pfASO7eWA","00:13:57","数学(その他)","PLDJfzGjtVLHlOHY4LI2mER3Y9UAbVK4mg"
"面積最大が正三角形であることの証明","2019-04-11T19:31:25.000Z","https://www.youtube.com/watch?v=3HWXyv0thOw","00:14:30","数学(その他)","PLDJfzGjtVLHlOHY4LI2mER3Y9UAbVK4mg"
"アルキメデスの螺旋(極座標における曲線の長さ)","2019-05-03T17:47:22.000Z","https://www.youtube.com/watch?v=SrPng-C0zwE","00:13:42","数学(その他)","PLDJfzGjtVLHlOHY4LI2mER3Y9UAbVK4mg"
"全受験生が理解するべき！偏差値とは何か","2019-05-16T19:41:16.000Z","https://www.youtube.com/watch?v=Xt7VN0xCbt8","00:18:34","数学(その他)","PLDJfzGjtVLHlOHY4LI2mER3Y9UAbVK4mg"
"3次方程式の解の公式(カルダノの公式)","2019-06-04T16:37:09.000Z","https://www.youtube.com/watch?v=d_fyW_fTbTk","00:22:52","数学(その他)","PLDJfzGjtVLHlOHY4LI2mER3Y9UAbVK4mg"
"1+1=2の証明が難しいって本当？(ペアノの公理)","2019-07-14T17:08:16.000Z","https://www.youtube.com/watch?v=6XUNqeiJmrg","00:18:43","数学(その他)","PLDJfzGjtVLHlOHY4LI2mER3Y9UAbVK4mg"
"双子素数は無限に存在するか？","2019-07-20T08:29:50.000Z","https://www.youtube.com/watch?v=9sbQEdFds34","00:11:27","数学(その他)","PLDJfzGjtVLHlOHY4LI2mER3Y9UAbVK4mg"
"蝉と素数の関係【素数ゼミ】","2019-08-09T17:35:57.000Z","https://www.youtube.com/watch?v=6axMxUS-qgQ","00:12:53","数学(その他)","PLDJfzGjtVLHlOHY4LI2mER3Y9UAbVK4mg"
"発散する点があったら諦める？(広義積分への招待)","2019-09-23T15:54:24.000Z","https://www.youtube.com/watch?v=jNDyKLJsZfY","00:07:17","数学(その他)","PLDJfzGjtVLHlOHY4LI2mER3Y9UAbVK4mg"
"行列指数関数への招待","2019-10-01T12:34:12.000Z","https://www.youtube.com/watch?v=utSsCamAMmk","00:12:48","数学(その他)","PLDJfzGjtVLHlOHY4LI2mER3Y9UAbVK4mg"
"オイラーの等式はなぜ美しいのか？","2019-10-22T15:25:15.000Z","https://www.youtube.com/watch?v=rYf8I-D-oo0","00:11:07","数学(その他)","PLDJfzGjtVLHlOHY4LI2mER3Y9UAbVK4mg"
"コーシーの関数方程式/Cauchy's functional equation","2020-01-07T17:55:50.000Z","https://www.youtube.com/watch?v=8o7zGW-OyGE","00:24:28","数学(その他)","PLDJfzGjtVLHlOHY4LI2mER3Y9UAbVK4mg"
"abc予想の主張を理解する","2020-04-24T09:16:12.000Z","https://www.youtube.com/watch?v=PIUCfN08p8M","00:22:45","数学(その他)","PLDJfzGjtVLHlOHY4LI2mER3Y9UAbVK4mg"
"【高校数学】今週の積分#1【難易度★★】","2018-12-02T16:28:40.000Z","https://www.youtube.com/watch?v=vm7LcyupMs0","00:06:51","今週の積分","PLDJfzGjtVLHnFsN4JdZxQJ3F4e4Sf13p8"
"【高校数学】今週の積分#2【難易度★★】","2018-12-03T00:37:35.000Z","https://www.youtube.com/watch?v=cORrgWIjr9g","00:09:55","今週の積分","PLDJfzGjtVLHnFsN4JdZxQJ3F4e4Sf13p8"
"【高校数学】今週の積分#3【難易度★★★★】","2018-12-11T14:55:35.000Z","https://www.youtube.com/watch?v=GJKxttevVWg","00:11:05","今週の積分","PLDJfzGjtVLHnFsN4JdZxQJ3F4e4Sf13p8"
"【高校数学】今週の積分#4【難易度★】","2018-12-19T00:41:30.000Z","https://www.youtube.com/watch?v=duS2oHnKY5A","00:06:38","今週の積分","PLDJfzGjtVLHnFsN4JdZxQJ3F4e4Sf13p8"
"【高校数学】今週の積分#5【難易度★★★】","2018-12-24T00:31:10.000Z","https://www.youtube.com/watch?v=Jdyl8l4WD3c","00:08:34","今週の積分","PLDJfzGjtVLHnFsN4JdZxQJ3F4e4Sf13p8"
"【高校数学】今週の積分#6【難易度★★★★】","2018-12-31T06:54:42.000Z","https://www.youtube.com/watch?v=_D0DNmmNGB4","00:13:59","今週の積分","PLDJfzGjtVLHnFsN4JdZxQJ3F4e4Sf13p8"
"【高校数学】今週の積分#7【難易度★★】","2019-01-25T11:55:06.000Z","https://www.youtube.com/watch?v=K5uN-nlDRDk","00:07:27","今週の積分","PLDJfzGjtVLHnFsN4JdZxQJ3F4e4Sf13p8"
"【高校数学】今週の積分#8【難易度★★】","2019-01-14T16:21:02.000Z","https://www.youtube.com/watch?v=qcgQ4Ns-8ns","00:07:43","今週の積分","PLDJfzGjtVLHnFsN4JdZxQJ3F4e4Sf13p8"
"【高校数学】今週の積分#9【難易度★★】","2019-01-21T10:01:54.000Z","https://www.youtube.com/watch?v=NwAkTeXq4xA","00:08:37","今週の積分","PLDJfzGjtVLHnFsN4JdZxQJ3F4e4Sf13p8"
"【高校数学】今週の積分#10【難易度★★★】","2019-01-27T23:25:08.000Z","https://www.youtube.com/watch?v=YGbuDXXa6dk","00:10:17","今週の積分","PLDJfzGjtVLHnFsN4JdZxQJ3F4e4Sf13p8"
"【高校数学】今週の積分#11【難易度★★】","2019-02-04T02:23:13.000Z","https://www.youtube.com/watch?v=MPoJJBuaue0","00:07:19","今週の積分","PLDJfzGjtVLHnFsN4JdZxQJ3F4e4Sf13p8"
"【高校数学】今週の積分#12【難易度★★】","2019-02-11T11:13:54.000Z","https://www.youtube.com/watch?v=7ThUG6oHXNY","00:06:25","今週の積分","PLDJfzGjtVLHnFsN4JdZxQJ3F4e4Sf13p8"
"【高校数学】今週の積分#13【難易度★★★★】","2019-02-17T23:28:37.000Z","https://www.youtube.com/watch?v=J68nbrjuib4","00:11:58","今週の積分","PLDJfzGjtVLHnFsN4JdZxQJ3F4e4Sf13p8"
"【高校数学】今週の積分#14【難易度★★★★★】","2019-02-25T14:58:11.000Z","https://www.youtube.com/watch?v=26EXOUgtgOg","00:11:41","今週の積分","PLDJfzGjtVLHnFsN4JdZxQJ3F4e4Sf13p8"
"【高校数学】今週の積分#15【難易度★★】","2019-03-04T11:33:51.000Z","https://www.youtube.com/watch?v=-rE1TzUbWR0","00:05:28","今週の積分","PLDJfzGjtVLHnFsN4JdZxQJ3F4e4Sf13p8"
"【高校数学】今週の積分#16【難易度★】","2019-03-11T00:02:30.000Z","https://www.youtube.com/watch?v=svLK-c2HAKU","00:06:38","今週の積分","PLDJfzGjtVLHnFsN4JdZxQJ3F4e4Sf13p8"
"【高校数学】今週の積分#17【難易度★★】","2019-03-18T00:31:48.000Z","https://www.youtube.com/watch?v=UJv9-EmFnUU","00:09:10","今週の積分","PLDJfzGjtVLHnFsN4JdZxQJ3F4e4Sf13p8"
"【高校数学】今週の積分#18【難易度★★】","2019-03-24T04:05:00.000Z","https://www.youtube.com/watch?v=8EdkdPTl4K0","00:08:33","今週の積分","PLDJfzGjtVLHnFsN4JdZxQJ3F4e4Sf13p8"
"【高校数学】今週の積分#19【難易度★】","2019-03-31T18:28:53.000Z","https://www.youtube.com/watch?v=OhjwhgRUmZg","00:07:01","今週の積分","PLDJfzGjtVLHnFsN4JdZxQJ3F4e4Sf13p8"
"【高校数学】今週の積分#20【難易度★★★】","2019-04-07T17:06:48.000Z","https://www.youtube.com/watch?v=DK5Y3_VStpM","00:08:16","今週の積分","PLDJfzGjtVLHnFsN4JdZxQJ3F4e4Sf13p8"
"【高校数学】今週の積分#21【難易度★★★】","2019-04-10T06:19:41.000Z","https://www.youtube.com/watch?v=3QuOrb7y9xY","00:08:07","今週の積分","PLDJfzGjtVLHnFsN4JdZxQJ3F4e4Sf13p8"
"【高校数学】今週の積分#22【難易度★★★★★】","2019-04-20T19:10:17.000Z","https://www.youtube.com/watch?v=bwNJ8mVhlF4","00:10:41","今週の積分","PLDJfzGjtVLHnFsN4JdZxQJ3F4e4Sf13p8"
"【高校数学】今週の積分#23【難易度★★★】","2019-04-28T11:28:12.000Z","https://www.youtube.com/watch?v=Wcvc2tNCf5I","00:06:05","今週の積分","PLDJfzGjtVLHnFsN4JdZxQJ3F4e4Sf13p8"
"【高校数学】今週の積分#24【難易度★★】","2019-05-05T08:20:19.000Z","https://www.youtube.com/watch?v=A-rzWwTXhZw","00:05:14","今週の積分","PLDJfzGjtVLHnFsN4JdZxQJ3F4e4Sf13p8"
"【高校数学】今週の積分#25【難易度★★★★】","2019-05-13T03:45:20.000Z","https://www.youtube.com/watch?v=hTP0e0we6QQ","00:06:29","今週の積分","PLDJfzGjtVLHnFsN4JdZxQJ3F4e4Sf13p8"
"【高校数学】今週の積分#26【難易度★★★】","2019-05-19T16:21:51.000Z","https://www.youtube.com/watch?v=8M-lpX8eeDg","00:08:07","今週の積分","PLDJfzGjtVLHnFsN4JdZxQJ3F4e4Sf13p8"
"【高校数学】今週の積分#27【難易度★★★】","2019-05-26T19:55:54.000Z","https://www.youtube.com/watch?v=cX7yhN7sXa8","00:06:43","今週の積分","PLDJfzGjtVLHnFsN4JdZxQJ3F4e4Sf13p8"
"【高校数学】今週の積分#28【難易度★★★★★】","2019-06-03T09:55:56.000Z","https://www.youtube.com/watch?v=YkbuXTr4w_Y","00:18:40","今週の積分","PLDJfzGjtVLHnFsN4JdZxQJ3F4e4Sf13p8"
"【高校数学】今週の積分#29【難易度★★】","2019-06-09T11:12:27.000Z","https://www.youtube.com/watch?v=MiDsoc19v3c","00:06:40","今週の積分","PLDJfzGjtVLHnFsN4JdZxQJ3F4e4Sf13p8"
"【高校数学】今週の積分#30【難易度★★★】","2019-06-16T15:25:23.000Z","https://www.youtube.com/watch?v=gDcqOTdqEd4","00:05:11","今週の積分","PLDJfzGjtVLHnFsN4JdZxQJ3F4e4Sf13p8"
"【高校数学】今週の積分#31【難易度★★★★★】","2019-06-29T19:10:01.000Z","https://www.youtube.com/watch?v=NZ1lPPmx89k","00:09:39","今週の積分","PLDJfzGjtVLHnFsN4JdZxQJ3F4e4Sf13p8"
"【高校数学】今週の積分#32【難易度★★】","2019-07-07T08:04:35.000Z","https://www.youtube.com/watch?v=s8XM-hd9wso","00:08:39","今週の積分","PLDJfzGjtVLHnFsN4JdZxQJ3F4e4Sf13p8"
"【高校数学】今週の積分#33【難易度★★★】","2019-07-14T16:49:27.000Z","https://www.youtube.com/watch?v=dWqp40UfP2o","00:07:52","今週の積分","PLDJfzGjtVLHnFsN4JdZxQJ3F4e4Sf13p8"
"【高校数学】今週の積分#34【難易度★★★】","2019-07-21T18:06:26.000Z","https://www.youtube.com/watch?v=nt-_BIbU0bA","00:12:50","今週の積分","PLDJfzGjtVLHnFsN4JdZxQJ3F4e4Sf13p8"
"【高校数学】今週の積分#35【難易度★★】","2019-08-04T13:27:29.000Z","https://www.youtube.com/watch?v=JgXNlWM2XVc","00:08:59","今週の積分","PLDJfzGjtVLHnFsN4JdZxQJ3F4e4Sf13p8"
"【高校数学】今週の積分#36【難易度★】","2019-08-13T08:56:01.000Z","https://www.youtube.com/watch?v=PComPe7Sdc8","00:06:24","今週の積分","PLDJfzGjtVLHnFsN4JdZxQJ3F4e4Sf13p8"
"【高校数学】今週の積分#37【難易度★★】","2019-08-18T12:54:28.000Z","https://www.youtube.com/watch?v=VoskvNUId8M","00:06:13","今週の積分","PLDJfzGjtVLHnFsN4JdZxQJ3F4e4Sf13p8"
"【高校数学】今週の積分#38【難易度★★★★★】","2019-08-29T17:57:20.000Z","https://www.youtube.com/watch?v=_Cx6pncAJv4","00:13:50","今週の積分","PLDJfzGjtVLHnFsN4JdZxQJ3F4e4Sf13p8"
"【高校数学】今週の積分#39【難易度★】","2019-08-29T17:57:36.000Z","https://www.youtube.com/watch?v=4yjUDxOvUSM","00:03:56","今週の積分","PLDJfzGjtVLHnFsN4JdZxQJ3F4e4Sf13p8"
"【高校数学】今週の積分#40【難易度★★】","2019-09-15T13:31:37.000Z","https://www.youtube.com/watch?v=Ob1hxQCtMAU","00:05:22","今週の積分","PLDJfzGjtVLHnFsN4JdZxQJ3F4e4Sf13p8"
"【高校数学】今週の積分#41【難易度★★】","2019-09-19T16:54:30.000Z","https://www.youtube.com/watch?v=7SxMtZPw8Fg","00:05:47","今週の積分","PLDJfzGjtVLHnFsN4JdZxQJ3F4e4Sf13p8"
"【高校数学】今週の積分#42【難易度★★★★】","2019-09-28T15:52:14.000Z","https://www.youtube.com/watch?v=TLzFtiZOx6I","00:17:06","今週の積分","PLDJfzGjtVLHnFsN4JdZxQJ3F4e4Sf13p8"
"【高校数学】今週の積分#43【難易度★★★★★】","2019-10-01T10:58:16.000Z","https://www.youtube.com/watch?v=lLhsvW8VqQ0","00:15:27","今週の積分","PLDJfzGjtVLHnFsN4JdZxQJ3F4e4Sf13p8"
"【高校数学】今週の積分#44【難易度★★】","2019-10-10T14:23:21.000Z","https://www.youtube.com/watch?v=Id_Uw_8Z-wc","00:06:58","今週の積分","PLDJfzGjtVLHnFsN4JdZxQJ3F4e4Sf13p8"
"【高校数学】今週の積分#45【難易度★★★】","2019-10-10T14:28:12.000Z","https://www.youtube.com/watch?v=tJYYvbCeKoU","00:04:30","今週の積分","PLDJfzGjtVLHnFsN4JdZxQJ3F4e4Sf13p8"
"【高校数学】今週の積分#46【難易度★★★】","2019-10-26T15:57:54.000Z","https://www.youtube.com/watch?v=0QsYX2cZg08","00:06:38","今週の積分","PLDJfzGjtVLHnFsN4JdZxQJ3F4e4Sf13p8"
"【高校数学】今週の積分#47【難易度★★】","2019-11-03T17:23:42.000Z","https://www.youtube.com/watch?v=fBMb0QVuCQA","00:05:53","今週の積分","PLDJfzGjtVLHnFsN4JdZxQJ3F4e4Sf13p8"
"【高校数学】今週の積分#48【難易度★★★★】","2019-11-09T07:42:07.000Z","https://www.youtube.com/watch?v=118wa4wK9jw","00:10:24","今週の積分","PLDJfzGjtVLHnFsN4JdZxQJ3F4e4Sf13p8"
"【高校数学】今週の積分#49【難易度★★】","2019-11-16T19:41:52.000Z","https://www.youtube.com/watch?v=SJpLQh9AgDk","00:07:26","今週の積分","PLDJfzGjtVLHnFsN4JdZxQJ3F4e4Sf13p8"
"【高校数学】今週の積分#50【難易度★★★】","2019-11-24T08:26:56.000Z","https://www.youtube.com/watch?v=S8udRzIvOS8","00:04:20","今週の積分","PLDJfzGjtVLHnFsN4JdZxQJ3F4e4Sf13p8"
"【高校数学】今週の積分#51【難易度★★★】","2019-11-30T14:15:31.000Z","https://www.youtube.com/watch?v=CYQ3mf-OLzQ","00:08:35","今週の積分","PLDJfzGjtVLHnFsN4JdZxQJ3F4e4Sf13p8"
"【高校数学】今週の積分#52【難易度★★★★】","2019-12-07T19:11:03.000Z","https://www.youtube.com/watch?v=BHju4nnkkW4","00:09:56","今週の積分","PLDJfzGjtVLHnFsN4JdZxQJ3F4e4Sf13p8"
"【高校数学】今週の積分#53【難易度★】","2019-12-15T16:39:02.000Z","https://www.youtube.com/watch?v=HXmrBkqDLzY","00:07:00","今週の積分","PLDJfzGjtVLHnFsN4JdZxQJ3F4e4Sf13p8"
"【高校数学】今週の積分#54【難易度★★★★★】","2019-12-28T15:58:43.000Z","https://www.youtube.com/watch?v=LoAnnDj4JkM","00:15:37","今週の積分","PLDJfzGjtVLHnFsN4JdZxQJ3F4e4Sf13p8"
"【高校数学】今週の積分#55【難易度★★★】","2020-01-05T07:33:56.000Z","https://www.youtube.com/watch?v=y__68_GyD0g","00:04:35","今週の積分","PLDJfzGjtVLHnFsN4JdZxQJ3F4e4Sf13p8"
"【高校数学】今週の積分#56【難易度★★★】","2020-01-13T02:10:41.000Z","https://www.youtube.com/watch?v=6FqkQgNfIC4","00:08:42","今週の積分","PLDJfzGjtVLHnFsN4JdZxQJ3F4e4Sf13p8"
"【高校数学】今週の積分#57【難易度★★】","2020-01-18T16:52:56.000Z","https://www.youtube.com/watch?v=SQHOY5z5iyk","00:07:32","今週の積分","PLDJfzGjtVLHnFsN4JdZxQJ3F4e4Sf13p8"
"【高校数学】今週の積分#58【難易度★★★】","2020-01-18T16:53:46.000Z","https://www.youtube.com/watch?v=0gBt_vaXuOQ","00:08:42","今週の積分","PLDJfzGjtVLHnFsN4JdZxQJ3F4e4Sf13p8"
"【高校数学】今週の積分#59【難易度★★★】","2020-01-18T16:54:17.000Z","https://www.youtube.com/watch?v=9qZCiLScHho","00:06:39","今週の積分","PLDJfzGjtVLHnFsN4JdZxQJ3F4e4Sf13p8"
"【高校数学】今週の積分#60【難易度★★★】","2020-02-09T19:01:21.000Z","https://www.youtube.com/watch?v=ICdosy8T744","00:13:02","今週の積分","PLDJfzGjtVLHnFsN4JdZxQJ3F4e4Sf13p8"
"【高校数学】今週の積分#61【難易度★★】","2020-02-17T01:12:52.000Z","https://www.youtube.com/watch?v=KJNePK-t--E","00:07:40","今週の積分","PLDJfzGjtVLHnFsN4JdZxQJ3F4e4Sf13p8"
"【高校数学】今週の積分#62【難易度★】","2020-02-24T00:47:17.000Z","https://www.youtube.com/watch?v=PuoWaYvpujU","00:03:30","今週の積分","PLDJfzGjtVLHnFsN4JdZxQJ3F4e4Sf13p8"
"【高校数学】今週の積分#63【難易度★★】","2020-03-02T03:31:19.000Z","https://www.youtube.com/watch?v=p5wpEw7Powo","00:07:41","今週の積分","PLDJfzGjtVLHnFsN4JdZxQJ3F4e4Sf13p8"
"【高校数学】今週の積分#64【難易度★★】","2020-03-08T17:25:52.000Z","https://www.youtube.com/watch?v=dt9k2EvCR4Y","00:04:59","今週の積分","PLDJfzGjtVLHnFsN4JdZxQJ3F4e4Sf13p8"
"【高校数学】今週の積分#65【難易度★★★★】","2020-03-15T10:36:11.000Z","https://www.youtube.com/watch?v=efqQCaGMVRE","00:11:13","今週の積分","PLDJfzGjtVLHnFsN4JdZxQJ3F4e4Sf13p8"
"【高校数学】今週の積分#66【難易度★★★】","2020-03-21T16:13:52.000Z","https://www.youtube.com/watch?v=p8BQOJunuZE","00:07:41","今週の積分","PLDJfzGjtVLHnFsN4JdZxQJ3F4e4Sf13p8"
"【高校数学】今週の積分#67【難易度★★★★★】","2020-04-19T08:44:41.000Z","https://www.youtube.com/watch?v=OMPQsuW68s8","00:11:45","今週の積分","PLDJfzGjtVLHnFsN4JdZxQJ3F4e4Sf13p8"
"【高校数学】今週の積分#68【難易度★★★】","2020-04-25T08:36:09.000Z","https://www.youtube.com/watch?v=kBJAtB31Jcw","00:10:54","今週の積分","PLDJfzGjtVLHnFsN4JdZxQJ3F4e4Sf13p8"
"【高校数学】今週の積分#69【難易度★★★★】","2020-05-02T11:23:32.000Z","https://www.youtube.com/watch?v=PEDEjqrRHq4","00:07:41","今週の積分","PLDJfzGjtVLHnFsN4JdZxQJ3F4e4Sf13p8"
"【高校物理】気体分子運動論【熱力学】","2018-09-18T06:18:42Z","https://www.youtube.com/watch?v=jiifZNNr3XE","00:25:06","高校物理","PLDJfzGjtVLHlfu65ZhycnPnfBJJ0c9uyp"
"【高校物理】水圧と浮力①(圧力と水圧)/全2講【力学】","2018-10-27T10:32:12Z","https://www.youtube.com/watch?v=Jg1F8NbI84k","00:19:36","高校物理","PLDJfzGjtVLHlfu65ZhycnPnfBJJ0c9uyp"
"【高校物理】水圧と浮力②(浮力)/全2講【力学】","2018-11-07T08:23:10Z","https://www.youtube.com/watch?v=JAlQHeXXLtc","00:14:41","高校物理","PLDJfzGjtVLHlfu65ZhycnPnfBJJ0c9uyp"
"【高校物理】レンズ①(凸レンズ、凹レンズの性質)【波動】","2018-09-18T06:18:42Z","https://www.youtube.com/watch?v=zNIbk5nQPsk","00:21:53","高校物理","PLDJfzGjtVLHlfu65ZhycnPnfBJJ0c9uyp"
"【高校物理】レンズ②(レンズの公式)【波動】","2018-09-18T06:18:42Z","https://www.youtube.com/watch?v=R3ipOvwmY0M","00:21:09","高校物理","PLDJfzGjtVLHlfu65ZhycnPnfBJJ0c9uyp"
"【高校物理】うなり①(基本編)【波動】","2019-06-13T13:31:51Z","https://www.youtube.com/watch?v=krVkvuCsy5E","00:20:39","高校物理","PLDJfzGjtVLHlfu65ZhycnPnfBJJ0c9uyp"
"【高校物理】うなり②(発展編)【波動】","2019-07-14T17:01:47Z","https://www.youtube.com/watch?v=cWlE5mUYr_I","00:13:10","高校物理","PLDJfzGjtVLHlfu65ZhycnPnfBJJ0c9uyp"
"【高校物理】ドップラー効果①(音源が動く場合)/全4講【波動】","2019-08-02T15:32:43Z","https://www.youtube.com/watch?v=GsiSZzpElSQ","00:29:32","高校物理","PLDJfzGjtVLHlfu65ZhycnPnfBJJ0c9uyp"
"【高校物理】ドップラー効果②(観測者が動く場合)/全4講【波動】","2019-10-01T11:29:26Z","https://www.youtube.com/watch?v=7Ii6Q97pkR8","00:17:09","高校物理","PLDJfzGjtVLHlfu65ZhycnPnfBJJ0c9uyp"
"【高校物理】ドップラー効果③(風、反射板)/全4講【波動】","2019-10-26T05:50:24Z","https://www.youtube.com/watch?v=QakzbO6JeOs","00:11:57","高校物理","PLDJfzGjtVLHlfu65ZhycnPnfBJJ0c9uyp"
"【高校物理】ドップラー効果④(斜めドップラー)/全4講【波動】","2019-10-12T11:49:45Z","https://www.youtube.com/watch?v=Ljaz6XKXeUg","00:18:32","高校物理","PLDJfzGjtVLHlfu65ZhycnPnfBJJ0c9uyp"
"【高校物理】レンズ③(球面鏡：凹面鏡)【波動】","2019-11-16T06:10:23Z","https://www.youtube.com/watch?v=6KH403yr7vE","00:23:49","高校物理","PLDJfzGjtVLHlfu65ZhycnPnfBJJ0c9uyp"
"【高校物理】レンズ④(凸面鏡)【波動】","2019-12-11T18:07:49Z","https://www.youtube.com/watch?v=61MRf1h0_qQ","00:11:54","高校物理","PLDJfzGjtVLHlfu65ZhycnPnfBJJ0c9uyp"
"あれもこれも距離の二乗に反比例！理由は○○性にあり！","2019-12-20T14:53:44Z","https://www.youtube.com/watch?v=X4SNMOMM8PI","00:15:16","高校物理","PLDJfzGjtVLHlfu65ZhycnPnfBJJ0c9uyp"
"【高校数学】置換積分の本質【数Ⅲ(積分法)】","2018-09-18T06:16:36.000Z","https://www.youtube.com/watch?v=v4qUClQ4zfI","00:14:36","高校数学","PLDJfzGjtVLHmO_19WNfuADbSRqUuobZ0E"
"【高校数学(発展)】バウムクーヘン積分【数Ⅲ】","2018-09-18T06:16:36.000Z","https://www.youtube.com/watch?v=9pdcGHP7wIA","00:18:32","高校数学","PLDJfzGjtVLHmO_19WNfuADbSRqUuobZ0E"
"【高校数学(発展)】パップスギュルダンの定理【数Ⅲ】","2018-10-06T04:36:31.000Z","https://www.youtube.com/watch?v=y7fWPLdINpI","00:14:14","高校数学","PLDJfzGjtVLHmO_19WNfuADbSRqUuobZ0E"
"面積最大が正三角形であることの証明","2019-04-10T06:28:32.000Z","https://www.youtube.com/watch?v=3HWXyv0thOw","00:14:30","高校数学","PLDJfzGjtVLHmO_19WNfuADbSRqUuobZ0E"
"【高校数学(発展)】合同式①(modとは何か)【整数】","2019-05-27T05:46:52.000Z","https://www.youtube.com/watch?v=6COGmURbrAw","00:17:36","高校数学","PLDJfzGjtVLHmO_19WNfuADbSRqUuobZ0E"
"【高校数学(発展)】合同式②(modの利用)【整数】","2019-05-27T05:47:07.000Z","https://www.youtube.com/watch?v=oWKwtwNkvRI","00:17:24","高校数学","PLDJfzGjtVLHmO_19WNfuADbSRqUuobZ0E"
"3次方程式の解の公式(カルダノの公式)","2019-06-04T16:37:08.000Z","https://www.youtube.com/watch?v=d_fyW_fTbTk","00:22:52","高校数学","PLDJfzGjtVLHmO_19WNfuADbSRqUuobZ0E"
"一度聞いたら忘れない余弦定理の授業","2019-06-22T05:22:46.000Z","https://www.youtube.com/watch?v=2kZNmm4AG7I","00:10:22","高校数学","PLDJfzGjtVLHmO_19WNfuADbSRqUuobZ0E"
"一度聞いたら忘れない漸化式の授業","2019-08-14T09:59:04.000Z","https://www.youtube.com/watch?v=ogiogJgDCnc","00:07:50","高校数学","PLDJfzGjtVLHmO_19WNfuADbSRqUuobZ0E"
"【高校数学】t=tan(x/2)の置換","2019-08-25T07:20:14.000Z","https://www.youtube.com/watch?v=g1-opbcoqIo","00:09:57","高校数学","PLDJfzGjtVLHmO_19WNfuADbSRqUuobZ0E"
"「相加相乗平均の関係」を視覚的に理解する！","2019-10-26T16:48:52.000Z","https://www.youtube.com/watch?v=bzkmtsC1cuE","00:06:15","高校数学","PLDJfzGjtVLHmO_19WNfuADbSRqUuobZ0E"
"全解法理由付き！入試に出る漸化式基本形全パターン解説【高校数学】","2019-12-05T19:59:28.000Z","https://www.youtube.com/watch?v=FNMnLJwWiso","01:17:31","高校数学","PLDJfzGjtVLHmO_19WNfuADbSRqUuobZ0E"
"チェバの定理とメネラウスの定理の本質","2019-12-20T14:52:44.000Z","https://www.youtube.com/watch?v=wCDYl2rNXts","00:15:26","高校数学","PLDJfzGjtVLHmO_19WNfuADbSRqUuobZ0E"
"余弦定理を通して数学の考え方を学ぶ授業","2019-12-26T16:41:14.000Z","https://www.youtube.com/watch?v=PP8rmd07mTc","00:09:13","高校数学","PLDJfzGjtVLHmO_19WNfuADbSRqUuobZ0E"
"一度聞いたら忘れない1/6公式の授業【積分公式の感覚的理解】","2020-01-05T03:51:28.000Z","https://www.youtube.com/watch?v=-Mh26tY9wX0","00:14:31","高校数学","PLDJfzGjtVLHmO_19WNfuADbSRqUuobZ0E"
"【高校数学】King Propertyの使い方と図形的意味","2020-04-17T18:45:43.000Z","https://www.youtube.com/watch?v=xIvYvac4Ok8","00:22:55","高校数学","PLDJfzGjtVLHmO_19WNfuADbSRqUuobZ0E"
"【高校化学】化学の勉強法(最強ノートの作り方)【受験対策】","2018-11-09T16:45:18.000Z","https://www.youtube.com/watch?v=k9Db0EkWbj4","00:07:37","高校化学","PLDJfzGjtVLHnpUzQ3FhdcaBtHF1xiy77o"
"【高校化学】モル計算の基本【理論化学】","2018-09-18T06:15:02.000Z","https://www.youtube.com/watch?v=k383VRQLLt8","00:15:48","高校化学","PLDJfzGjtVLHnpUzQ3FhdcaBtHF1xiy77o"
"【高校化学】濃度計算①(いろいろな濃度)【理論化学】","2018-09-18T06:15:02.000Z","https://www.youtube.com/watch?v=-TAMIALQeyM","00:11:52","高校化学","PLDJfzGjtVLHnpUzQ3FhdcaBtHF1xiy77o"
"【高校化学】濃度計算②(濃度の変換)【理論化学】","2018-09-18T06:15:02.000Z","https://www.youtube.com/watch?v=HkONrjYKwk0","00:10:39","高校化学","PLDJfzGjtVLHnpUzQ3FhdcaBtHF1xiy77o"
"【高校化学】濃度計算③(希釈)【理論化学】","2018-09-18T06:15:02.000Z","https://www.youtube.com/watch?v=APLjBY0P7kc","00:13:47","高校化学","PLDJfzGjtVLHnpUzQ3FhdcaBtHF1xiy77o"
"【高校化学】結晶格子①(分類と性質)【理論化学】","2018-09-18T06:15:02.000Z","https://www.youtube.com/watch?v=IASWZnYrS2o","00:12:05","高校化学","PLDJfzGjtVLHnpUzQ3FhdcaBtHF1xiy77o"
"【高校化学】結晶格子②(金属結晶：体心立方格子、面心立方格子)【理論化学】","2018-09-18T06:15:02.000Z","https://www.youtube.com/watch?v=3pzE3DT4tz0","00:18:12","高校化学","PLDJfzGjtVLHnpUzQ3FhdcaBtHF1xiy77o"
"【高校化学】結晶格子③(金属結晶：六方最密構造)【理論化学】","2018-09-25T03:44:37.000Z","https://www.youtube.com/watch?v=MsT0T83DDBc","00:23:22","高校化学","PLDJfzGjtVLHnpUzQ3FhdcaBtHF1xiy77o"
"【高校化学】結晶格子④(イオン結晶：NaCl型、CsCl型)【理論化学】","2018-10-21T10:03:20.000Z","https://www.youtube.com/watch?v=xjYItDA2-tY","00:13:51","高校化学","PLDJfzGjtVLHnpUzQ3FhdcaBtHF1xiy77o"
"【高校化学】結晶格子⑤(イオン結晶：限界半径比)【理論化学】","2019-02-09T11:35:40.000Z","https://www.youtube.com/watch?v=9zZjnnjpPrQ","00:17:40","高校化学","PLDJfzGjtVLHnpUzQ3FhdcaBtHF1xiy77o"
"【高校化学】結晶格子⑥(共有結晶：ダイヤモンド型)【理論化学】","2019-07-20T05:55:57.000Z","https://www.youtube.com/watch?v=yXPjklFSLK0","00:14:51","高校化学","PLDJfzGjtVLHnpUzQ3FhdcaBtHF1xiy77o"
"【高校化学】結晶格子⑦(イオン結晶：CaF2型、ZnS型)【理論化学】","2019-07-20T06:16:07.000Z","https://www.youtube.com/watch?v=kc9GXHyIbqA","00:17:19","高校化学","PLDJfzGjtVLHnpUzQ3FhdcaBtHF1xiy77o"
"【高校化学】固体の溶解度①(定義と解法)【理論化学】","2018-09-18T06:15:02.000Z","https://www.youtube.com/watch?v=314a7hoQdPo","00:17:50","高校化学","PLDJfzGjtVLHnpUzQ3FhdcaBtHF1xiy77o"
"【高校化学】固体の溶解度②(水和物の析出)【理論化学】","2018-09-18T06:15:02.000Z","https://www.youtube.com/watch?v=FQ1FuWdub4E","00:13:38","高校化学","PLDJfzGjtVLHnpUzQ3FhdcaBtHF1xiy77o"
"【高校化学】気体の溶解度(ヘンリーの法則)【理論化学】","2018-12-02T07:26:20.000Z","https://www.youtube.com/watch?v=2TAABRvgG-4","00:21:10","高校化学","PLDJfzGjtVLHnpUzQ3FhdcaBtHF1xiy77o"
"【高校化学】熱化学方程式①(反応熱)【理論化学】","2018-12-23T09:52:19.000Z","https://www.youtube.com/watch?v=JGchRDix1b8","00:29:14","高校化学","PLDJfzGjtVLHnpUzQ3FhdcaBtHF1xiy77o"
"【高校化学】熱化学方程式②(状態変化に伴う熱)【理論化学】","2019-03-30T14:55:19.000Z","https://www.youtube.com/watch?v=-LlVkxqPho8","00:24:16","高校化学","PLDJfzGjtVLHnpUzQ3FhdcaBtHF1xiy77o"
"【高校化学】コロイド①(分類)/全2回【理論化学】","2018-09-29T17:04:59.000Z","https://www.youtube.com/watch?v=2a8EupcG0Es","00:19:33","高校化学","PLDJfzGjtVLHnpUzQ3FhdcaBtHF1xiy77o"
"【高校化学】コロイド②(性質)/全2回【理論化学】","2018-10-13T21:50:15.000Z","https://www.youtube.com/watch?v=ln59ooMss_Q","00:21:13","高校化学","PLDJfzGjtVLHnpUzQ3FhdcaBtHF1xiy77o"
"【高校化学】無機化学の色まとめ【無機化学】","2019-01-03T05:41:15.000Z","https://www.youtube.com/watch?v=n-rImXf_w40","00:23:07","高校化学","PLDJfzGjtVLHnpUzQ3FhdcaBtHF1xiy77o"
"【大学物理】量子力学入門①(量子の特徴)【量子力学】","2018-06-06T02:43:51Z","https://www.youtube.com/watch?v=zlVnhTD7qMQ","00:16:41","量子力学","PLDJfzGjtVLHlY9nsj_zhgWhyOHnitF4xK"
"【大学物理】量子力学入門②(シュレーディンガー方程式)【量子力学】","2018-06-07T16:19:22Z","https://www.youtube.com/watch?v=LFj4-MyPNjw","00:12:34","量子力学","PLDJfzGjtVLHlY9nsj_zhgWhyOHnitF4xK"
"【大学物理】量子力学入門③(定常状態)【量子力学】","2018-07-09T11:46:02Z","https://www.youtube.com/watch?v=_gji66Vrti8","00:16:27","量子力学","PLDJfzGjtVLHlY9nsj_zhgWhyOHnitF4xK"
"【大学物理】量子力学入門④(無限に深い井戸型ポテンシャル)【量子力学】","2018-08-07T09:13:32Z","https://www.youtube.com/watch?v=-ZcbYd-3bKY","00:22:02","量子力学","PLDJfzGjtVLHlY9nsj_zhgWhyOHnitF4xK"
"【大学物理】量子力学入門⑤(一般的性質)【量子力学】","2018-08-29T16:11:00Z","https://www.youtube.com/watch?v=letXy-YEX-8","00:13:11","量子力学","PLDJfzGjtVLHlY9nsj_zhgWhyOHnitF4xK"
"【大学物理】量子力学入門⑥(有限の深さの井戸型ポテンシャル)【量子力学】","2018-09-17T11:00:31Z","https://www.youtube.com/watch?v=cJ4KJcETsCQ","00:24:04","量子力学","PLDJfzGjtVLHlY9nsj_zhgWhyOHnitF4xK"
"【大学物理】量子力学入門⑦(トンネル効果)【量子力学】","2018-12-23T14:14:12Z","https://www.youtube.com/watch?v=bfxgtbsKSuM","00:29:29","量子力学","PLDJfzGjtVLHlY9nsj_zhgWhyOHnitF4xK"
"【大学物理】量子力学入門⑧(物理量の測定)【量子力学】","2019-04-15T17:26:52Z","https://www.youtube.com/watch?v=1xl-taCzFM8","00:39:14","量子力学","PLDJfzGjtVLHlY9nsj_zhgWhyOHnitF4xK"
"【大学物理】量子力学入門⑨(エルミート演算子)【量子力学】","2019-05-23T17:38:44Z","https://www.youtube.com/watch?v=L_w-LAvY1Rs","00:22:21","量子力学","PLDJfzGjtVLHlY9nsj_zhgWhyOHnitF4xK"
"【大学物理】量子力学入門⑩(物理量の期待値)【量子力学】","2019-06-18T17:04:30Z","https://www.youtube.com/watch?v=jzeS7YP-ZAI","00:18:33","量子力学","PLDJfzGjtVLHlY9nsj_zhgWhyOHnitF4xK"
"量子力学ファボゼロの語りまとめ【祝！量子力学入門完結】","2019-07-07T07:43:40Z","https://www.youtube.com/watch?v=tzVpEErI8wc","00:04:22","量子力学","PLDJfzGjtVLHlY9nsj_zhgWhyOHnitF4xK"
"【高校生へ】理科の選択の仕方【大学院生からのアドバイス】","2018-04-22T14:48:16.000Z","https://www.youtube.com/watch?v=OGTMDOZsudA","00:14:24","番外編","PLDJfzGjtVLHkZJaUyygUTK3tF5-WAlzD5"
"理系院生が東工大の学祭に潜入してみた(前編)【理系ほいほい】","2018-04-22T14:48:16.000Z","https://www.youtube.com/watch?v=hYDUgAmXUVk","00:08:46","番外編","PLDJfzGjtVLHkZJaUyygUTK3tF5-WAlzD5"
"理系院生が東工大の学祭に潜入してみた(後編)【理系ほいほい】","2018-04-22T14:48:16.000Z","https://www.youtube.com/watch?v=Lbp-E9jdydI","00:12:15","番外編","PLDJfzGjtVLHkZJaUyygUTK3tF5-WAlzD5"
"東大院生がYouTuberになった理由","2018-04-22T14:48:16.000Z","https://www.youtube.com/watch?v=pEqdjYJoyms","00:04:47","番外編","PLDJfzGjtVLHkZJaUyygUTK3tF5-WAlzD5"
"予備校のノリで学ぶ【高校講座】はじめます","2018-04-22T14:48:16.000Z","https://www.youtube.com/watch?v=2z62M1tEG4o","00:03:21","番外編","PLDJfzGjtVLHkZJaUyygUTK3tF5-WAlzD5"
"【新大学生へ】自己紹介で大学生活が決まる","2018-04-22T14:48:16.000Z","https://www.youtube.com/watch?v=FVhr0syKccw","00:04:45","番外編","PLDJfzGjtVLHkZJaUyygUTK3tF5-WAlzD5"
"新大学生がまず最初にすべき事","2018-04-22T14:48:16.000Z","https://www.youtube.com/watch?v=gWfCL-ahJCg","00:03:39","番外編","PLDJfzGjtVLHkZJaUyygUTK3tF5-WAlzD5"
"予備校のノリで巡る科学散歩(in後楽園周辺)","2018-04-22T14:48:16.000Z","https://www.youtube.com/watch?v=hhpymHa3tuw","00:03:51","番外編","PLDJfzGjtVLHkZJaUyygUTK3tF5-WAlzD5"
"塾講師をはじめる君へ【新人講師・教師の方へ】","2018-05-06T15:23:08.000Z","https://www.youtube.com/watch?v=z-EtLRtDlzY","00:05:23","番外編","PLDJfzGjtVLHkZJaUyygUTK3tF5-WAlzD5"
"ガチ理系が巡る理系展示【東大五月祭】","2018-05-27T14:50:40.000Z","https://www.youtube.com/watch?v=Rx1STz4NniY","00:07:57","番外編","PLDJfzGjtVLHkZJaUyygUTK3tF5-WAlzD5"
"【厳しめに】受験生の質問に答える【閲覧注意】","2018-06-16T11:02:27.000Z","https://www.youtube.com/watch?v=sXjptVW4bhE","00:03:08","番外編","PLDJfzGjtVLHkZJaUyygUTK3tF5-WAlzD5"
"【高校化学】化学の勉強法(最強ノートの作り方)【受験対策】","2018-06-20T16:56:09.000Z","https://www.youtube.com/watch?v=k9Db0EkWbj4","00:07:37","番外編","PLDJfzGjtVLHkZJaUyygUTK3tF5-WAlzD5"
"【受験生へ】やる気と効率を上げる問題集の使い方(◯△X法)","2018-08-21T14:35:55.000Z","https://www.youtube.com/watch?v=JPJD3giEcwk","00:04:09","番外編","PLDJfzGjtVLHkZJaUyygUTK3tF5-WAlzD5"
"物理を研究する大学院生たちのアツい夏【物性若手夏の学校】","2018-08-27T08:57:42.000Z","https://www.youtube.com/watch?v=q13bFvGtDLM","00:06:35","番外編","PLDJfzGjtVLHkZJaUyygUTK3tF5-WAlzD5"
"【音フェチ】黒板&チョークで板書する音(通常再生ver.)【作業用BGM】","2018-09-08T22:49:12.000Z","https://www.youtube.com/watch?v=ucxuUWO8_tM","00:41:27","番外編","PLDJfzGjtVLHkZJaUyygUTK3tF5-WAlzD5"
"勉強が捗る！最強の教育系YouTuberを紹介！","2018-09-19T09:29:10.000Z","https://www.youtube.com/watch?v=x_ODdbt6WVs","00:06:03","番外編","PLDJfzGjtVLHkZJaUyygUTK3tF5-WAlzD5"
"人生を変えた物理の本","2018-10-07T10:03:34.000Z","https://www.youtube.com/watch?v=hhpNtPKMIbM","00:04:55","番外編","PLDJfzGjtVLHkZJaUyygUTK3tF5-WAlzD5"
"理学部と工学部の違いとは？","2018-10-20T09:29:41.000Z","https://www.youtube.com/watch?v=eJH4nKU6mJA","00:07:07","番外編","PLDJfzGjtVLHkZJaUyygUTK3tF5-WAlzD5"
"なぜ勉強するのか","2018-11-03T03:39:51.000Z","https://www.youtube.com/watch?v=Kpfae1U2uFE","00:05:21","番外編","PLDJfzGjtVLHkZJaUyygUTK3tF5-WAlzD5"
"大学と大学院の違い","2018-12-08T12:56:37.000Z","https://www.youtube.com/watch?v=xBKAEvTegN8","00:07:28","番外編","PLDJfzGjtVLHkZJaUyygUTK3tF5-WAlzD5"
"【音フェチ】黒板&チョークで板書する音(4倍速ver.)【作業用BGM】","2018-12-23T09:54:04.000Z","https://www.youtube.com/watch?v=AQzTS8X-rbs","00:10:30","番外編","PLDJfzGjtVLHkZJaUyygUTK3tF5-WAlzD5"
"受験を控える君へ","2019-01-14T16:21:33.000Z","https://www.youtube.com/watch?v=I4XmjIG6crI","00:04:09","番外編","PLDJfzGjtVLHkZJaUyygUTK3tF5-WAlzD5"
"大学の数学や物理をもっと分かりやすく","2019-02-10T07:37:54.000Z","https://www.youtube.com/watch?v=1moDFT18J_8","00:04:10","番外編","PLDJfzGjtVLHkZJaUyygUTK3tF5-WAlzD5"
"たくみさん誕生日おめでとう","2019-02-28T16:05:52.000Z","https://www.youtube.com/watch?v=m_3COoZxKJ0","00:17:15","番外編","PLDJfzGjtVLHkZJaUyygUTK3tF5-WAlzD5"
"本が出ます","2019-04-03T17:40:48.000Z","https://www.youtube.com/watch?v=CAUPa2cbWw0","00:03:23","番外編","PLDJfzGjtVLHkZJaUyygUTK3tF5-WAlzD5"
"中学数学からはじめる微分積分","2019-04-03T17:45:27.000Z","https://www.youtube.com/watch?v=4p1rwfXbCoY","01:46:23","番外編","PLDJfzGjtVLHkZJaUyygUTK3tF5-WAlzD5"
"感想求む","2019-06-16T09:45:54.000Z","https://www.youtube.com/watch?v=c-DwjivjNlg","00:03:47","番外編","PLDJfzGjtVLHkZJaUyygUTK3tF5-WAlzD5"
"ヨビノリたくみ""YouTubeで広がる学びの世界""【Google for Education】","2019-07-04T04:34:28.000Z","https://www.youtube.com/watch?v=Y4xi1iaV75k","00:29:44","番外編","PLDJfzGjtVLHkZJaUyygUTK3tF5-WAlzD5"
"教育系YouTuberパネルトーク【Google for Education】","2019-07-04T04:37:59.000Z","https://www.youtube.com/watch?v=OmaKIrpIkHw","00:32:16","番外編","PLDJfzGjtVLHkZJaUyygUTK3tF5-WAlzD5"
"その手があったか","2019-09-23T14:39:20.000Z","https://www.youtube.com/watch?v=0_F6I-O_Rmg","00:02:52","番外編","PLDJfzGjtVLHkZJaUyygUTK3tF5-WAlzD5"
"ガチ勢なら、顔を見るだけで科学者の名前がわかるはず！！","2019-11-19T06:47:22.000Z","https://www.youtube.com/watch?v=CEKu5FNDlD8","00:18:34","番外編","PLDJfzGjtVLHkZJaUyygUTK3tF5-WAlzD5"
"ヨビノリからの応援メッセージ","2020-01-14T16:22:18.000Z","https://www.youtube.com/watch?v=qkIbeFhZf4U","00:04:03","番外編","PLDJfzGjtVLHkZJaUyygUTK3tF5-WAlzD5"
"初々しい講師時代を暴露します","2020-02-22T16:50:44.000Z","https://www.youtube.com/watch?v=W2NplguCfho","00:18:55","番外編","PLDJfzGjtVLHkZJaUyygUTK3tF5-WAlzD5"
"ルジャンドル予想","2020-03-28T10:07:27.000Z","https://www.youtube.com/watch?v=YNmRhCNvBbg","00:10:13","番外編","PLDJfzGjtVLHkZJaUyygUTK3tF5-WAlzD5"
"【AKITO×ヨビノリ】理系版・食わず嫌い王決定戦【理系ホイホイ】","2018-04-22T14:29:32.000Z","https://www.youtube.com/watch?v=O0p6Il9X_d8","00:13:27","コラボ動画","PLDJfzGjtVLHm9JZ4IGYvGfpSGMjxSP5iF"
"ヨビノリのたくみさんにインタビュー！！","2018-04-22T14:39:49.000Z","https://www.youtube.com/watch?v=qIvGgwWAo6c","00:07:20","コラボ動画","PLDJfzGjtVLHm9JZ4IGYvGfpSGMjxSP5iF"
"【質問コーナー】勉強に関する質問に真面目に答えました【AKITO×ヨビノリ】","2018-04-22T14:40:38.000Z","https://www.youtube.com/watch?v=wl6Mf42a3Ik","00:05:54","コラボ動画","PLDJfzGjtVLHm9JZ4IGYvGfpSGMjxSP5iF"
"【コンエナ×ヨビノリ】東大生YouTuberの悩み(前編)【コラボ企画】","2018-04-22T14:29:32.000Z","https://www.youtube.com/watch?v=Ji2x7S6vXkU","00:06:47","コラボ動画","PLDJfzGjtVLHm9JZ4IGYvGfpSGMjxSP5iF"
"【コンエナ×ヨビノリ】東大生YouTuberの悩み(後編)【コラボ企画】","2018-04-22T14:29:32.000Z","https://www.youtube.com/watch?v=gvvs4rbX3dM","00:06:54","コラボ動画","PLDJfzGjtVLHm9JZ4IGYvGfpSGMjxSP5iF"
"東大生YouTuber同士で真剣議論！文系は不要？大学の意味とは？【予備校のノリで学ぶ大学の数学・物理×コンソメエナジー】","2018-04-22T14:38:58.000Z","https://www.youtube.com/watch?v=GGS5uQ6nEo0","00:07:51","コラボ動画","PLDJfzGjtVLHm9JZ4IGYvGfpSGMjxSP5iF"
"不老不死は実現するのか⁈　東大院生の見解を聞いてみた！","2018-04-22T14:39:16.000Z","https://www.youtube.com/watch?v=H_6juVUXUZ8","00:06:36","コラボ動画","PLDJfzGjtVLHm9JZ4IGYvGfpSGMjxSP5iF"
"【しゅんダイアリー×ヨビノリ】文系を30秒で理系に変える【チャレンジ企画】","2018-04-22T14:45:39.000Z","https://www.youtube.com/watch?v=Kxs0lCvWH5M","00:02:34","コラボ動画","PLDJfzGjtVLHm9JZ4IGYvGfpSGMjxSP5iF"
"東大理系vs地方文系でガチバトルした。。。","2018-04-22T14:41:02.000Z","https://www.youtube.com/watch?v=uIvugJp2GRc","00:05:03","コラボ動画","PLDJfzGjtVLHm9JZ4IGYvGfpSGMjxSP5iF"
"【ベルりんの壁×ヨビノリ】理系におすすめ小説","2018-04-22T14:29:32.000Z","https://www.youtube.com/watch?v=qQ4OrUYdeIc","00:09:11","コラボ動画","PLDJfzGjtVLHm9JZ4IGYvGfpSGMjxSP5iF"
"【理系】童話""ジャックと豆の木""の破壊力を計算してみたらとんでもない数値になったwww","2018-04-22T14:39:36.000Z","https://www.youtube.com/watch?v=J36TWd0_kog","00:09:01","コラボ動画","PLDJfzGjtVLHm9JZ4IGYvGfpSGMjxSP5iF"
"【東大生YouTuber大集合企画】ファボゼロのボケで遊ぼう","2018-05-15T18:32:19.000Z","https://www.youtube.com/watch?v=iT7_WQqwCrs","00:04:25","コラボ動画","PLDJfzGjtVLHm9JZ4IGYvGfpSGMjxSP5iF"
"【映画予告？】エントロピーは二度泣く【ヨビノリ×もっちゃんねる】","2018-06-11T17:48:35.000Z","https://www.youtube.com/watch?v=U39nuuYWaks","00:01:39","コラボ動画","PLDJfzGjtVLHm9JZ4IGYvGfpSGMjxSP5iF"
"【映画予告？】ルーズリーフ【ヨビノリ×もっちゃんねる】","2018-06-16T11:03:03.000Z","https://www.youtube.com/watch?v=qI3sJYwV57w","00:01:35","コラボ動画","PLDJfzGjtVLHm9JZ4IGYvGfpSGMjxSP5iF"
"【教育系YouTuber】鈴木貫太郎の正体に迫る【謎の男】","2018-07-01T07:44:43.000Z","https://www.youtube.com/watch?v=FwH3EumnUkM","00:10:40","コラボ動画","PLDJfzGjtVLHm9JZ4IGYvGfpSGMjxSP5iF"
"東大　微分　代講ヨビノリたくみ Japanese university entrance exam questions Tokyo University","2018-07-09T17:39:39.000Z","https://www.youtube.com/watch?v=FuyMZce3lH8","00:11:07","コラボ動画","PLDJfzGjtVLHm9JZ4IGYvGfpSGMjxSP5iF"
"塾講師の伝える力【wakatte.TV×ヨビノリ】","2018-07-09T09:48:48.000Z","https://www.youtube.com/watch?v=JPTp039_UKE","00:10:31","コラボ動画","PLDJfzGjtVLHm9JZ4IGYvGfpSGMjxSP5iF"
"【格付け】 一流塾講師なら違いが分かる難問に挑む!?【wakatte.TV】#88","2018-07-09T17:40:13.000Z","https://www.youtube.com/watch?v=bNw43jZXxiw","00:09:16","コラボ動画","PLDJfzGjtVLHm9JZ4IGYvGfpSGMjxSP5iF"
"【ゲスト】「ヨビノリ」のたくみさん登場！","2018-07-09T17:40:53.000Z","https://www.youtube.com/watch?v=V3VPFuONt80","00:04:14","コラボ動画","PLDJfzGjtVLHm9JZ4IGYvGfpSGMjxSP5iF"
"【ゲスト】東大しりとりwith「ヨビノリ」たくみさん！！","2018-07-09T17:40:53.000Z","https://www.youtube.com/watch?v=F9MeT4QLndA","00:04:43","コラボ動画","PLDJfzGjtVLHm9JZ4IGYvGfpSGMjxSP5iF"
"【ゲスト】幽☆遊☆白書大喜利with「ヨビノリ」たくみさん","2018-07-09T17:40:53.000Z","https://www.youtube.com/watch?v=xb8OHlLQdhA","00:06:41","コラボ動画","PLDJfzGjtVLHm9JZ4IGYvGfpSGMjxSP5iF"
"【東大博士課程】ナイスガイに色々聞いてみよう【ガチ理系トーク】","2018-08-12T16:39:29.000Z","https://www.youtube.com/watch?v=17ot57pzGo8","01:05:55","コラボ動画","PLDJfzGjtVLHm9JZ4IGYvGfpSGMjxSP5iF"
"教育系トップYouTuberと対談","2018-10-08T12:40:19.000Z","https://www.youtube.com/watch?v=TWC5eL739n4","00:14:45","コラボ動画","PLDJfzGjtVLHm9JZ4IGYvGfpSGMjxSP5iF"
"21世紀の独学を語る【東大弁護士×ヨビノリ】","2018-11-26T06:48:16.000Z","https://www.youtube.com/watch?v=v-wgdxGXQXM","00:10:13","コラボ動画","PLDJfzGjtVLHm9JZ4IGYvGfpSGMjxSP5iF"
"在学中にとれるおすすめ資格【理系大学生必見】","2018-11-26T06:49:00.000Z","https://www.youtube.com/watch?v=-H66-bBPK40","00:14:43","コラボ動画","PLDJfzGjtVLHm9JZ4IGYvGfpSGMjxSP5iF"
"でんがんとまじめに語ろう","2019-01-22T01:07:13.000Z","https://www.youtube.com/watch?v=IJcQlJ28o-4","00:10:10","コラボ動画","PLDJfzGjtVLHm9JZ4IGYvGfpSGMjxSP5iF"
"熱中することの見つけ方【げんげん×わっきゃい×もっちゃん×たくみ】","2019-04-11T19:21:55.000Z","https://www.youtube.com/watch?v=EyLnXU2G2HQ","00:14:07","コラボ動画","PLDJfzGjtVLHm9JZ4IGYvGfpSGMjxSP5iF"
"やる気の燃やしかた【げんげん×わっきゃい×もっちゃん×たくみ】","2019-04-20T19:14:39.000Z","https://www.youtube.com/watch?v=41-caW2IUyc","00:14:10","コラボ動画","PLDJfzGjtVLHm9JZ4IGYvGfpSGMjxSP5iF"
"板書にこだわる理由とは？【教育系YouTuber対談】","2019-05-21T14:37:12.000Z","https://www.youtube.com/watch?v=pMBQ1ourDNs","00:15:21","コラボ動画","PLDJfzGjtVLHm9JZ4IGYvGfpSGMjxSP5iF"
"時間がない！院試のためのTOEIC&TOEFL対策","2019-06-27T17:06:39.000Z","https://www.youtube.com/watch?v=BA1NkQYJYkM","00:15:55","コラボ動画","PLDJfzGjtVLHm9JZ4IGYvGfpSGMjxSP5iF"
"教育系コンテンツのYouTube戦略/教育クリエイターサミット@YouTubeSpaceTokyo(六本木)","2019-10-20T05:30:06.000Z","https://www.youtube.com/watch?v=YrstxnIY9K8","00:36:54","コラボ動画","PLDJfzGjtVLHm9JZ4IGYvGfpSGMjxSP5iF"
"YouTube史上最大の理系的年末行事【数学かるた対決(前編)】","2019-12-28T14:49:11.000Z","https://www.youtube.com/watch?v=IcaLUgp8Aw4","00:12:13","コラボ動画","PLDJfzGjtVLHm9JZ4IGYvGfpSGMjxSP5iF"
"ナイスガイ須貝・クイズ王田村・ヨビノリたくみのスーパープレイ続出！【数学かるた対決(後編)】","2019-12-30T08:51:27.000Z","https://www.youtube.com/watch?v=tqXCzRH0Wys","00:16:29","コラボ動画","PLDJfzGjtVLHm9JZ4IGYvGfpSGMjxSP5iF"
"積分サークルに抜き打ちで積分出してみた","2019-12-30T10:55:44.000Z","https://www.youtube.com/watch?v=uBBBBMucGCI","00:14:17","コラボ動画","PLDJfzGjtVLHm9JZ4IGYvGfpSGMjxSP5iF"
"予備校講師なら、どんな状況でも解説できる!?【ドッキリ】","2020-01-03T13:52:27.000Z","https://www.youtube.com/watch?v=C8o-aqYjncA","00:06:30","コラボ動画","PLDJfzGjtVLHm9JZ4IGYvGfpSGMjxSP5iF"
"場合の数で実現可能局面数を見積もる【将棋と数学】","2020-01-07T20:23:34.000Z","https://www.youtube.com/watch?v=7QcpShRfqGA","00:21:23","コラボ動画","PLDJfzGjtVLHm9JZ4IGYvGfpSGMjxSP5iF"
"物理公式だけで「かるた」やります【QK×ヨビノリ】","2020-01-30T17:09:09.000Z","https://www.youtube.com/watch?v=VpfF1cGj0KA","00:26:04","コラボ動画","PLDJfzGjtVLHm9JZ4IGYvGfpSGMjxSP5iF"
"高学歴YouTuberのノートの中身【はなおでんがん×ヨビノリ】","2020-03-15T05:13:23.000Z","https://www.youtube.com/watch?v=umnnREJf7kk","00:16:52","コラボ動画","PLDJfzGjtVLHm9JZ4IGYvGfpSGMjxSP5iF"
"【黒歴史】中学の頃の話をします【陰キャと陽キャの間】","2020-03-20T14:00:26.000Z","https://www.youtube.com/watch?v=-cqfh-GVMAg","00:11:30","コラボ動画","PLDJfzGjtVLHm9JZ4IGYvGfpSGMjxSP5iF"
"独創的すぎる研究４選【QuizKnock×ヨビノリ】","2020-04-19T08:35:56.000Z","https://www.youtube.com/watch?v=m6ZuHYIspfE","00:29:02","コラボ動画","PLDJfzGjtVLHm9JZ4IGYvGfpSGMjxSP5iF"
"一緒に勉強しよう【雨の音を聞きながら】","2020-04-24T08:31:33.000Z","https://www.youtube.com/watch?v=u6wrKmLM78g","01:02:37","コラボ動画","PLDJfzGjtVLHm9JZ4IGYvGfpSGMjxSP5iF"
"【大学物理】力学入門①(はじめに)【力学】","2019-03-21T06:07:49Z","https://www.youtube.com/watch?v=szhJik4HIXQ","00:19:34","力学","PLDJfzGjtVLHmlQ61qmyg4CI9TgFG1opcZ"
"【大学物理】力学入門②(位置・速度・加速度)【力学】","2019-03-06T10:15:19Z","https://www.youtube.com/watch?v=MoyfqNHoO4E","00:31:39","力学","PLDJfzGjtVLHmlQ61qmyg4CI9TgFG1opcZ"
"【大学物理】力学入門③(運動方程式)【力学】","2019-03-13T09:35:06Z","https://www.youtube.com/watch?v=iAANt7xIGhg","00:31:39","力学","PLDJfzGjtVLHmlQ61qmyg4CI9TgFG1opcZ"
"【大学物理】力学入門④(空気抵抗、単振動)【力学】","2019-03-20T09:08:08Z","https://www.youtube.com/watch?v=zG6PBgTjJW8","00:28:49","力学","PLDJfzGjtVLHmlQ61qmyg4CI9TgFG1opcZ"
"【大学物理】力学入門⑤(極座標における運動)【力学】","2019-04-10T04:52:59Z","https://www.youtube.com/watch?v=LQFV9xyngvg","00:32:26","力学","PLDJfzGjtVLHmlQ61qmyg4CI9TgFG1opcZ"
"【大学物理】力学入門⑥(等速円運動、単振り子)【力学】","2019-04-23T17:28:52Z","https://www.youtube.com/watch?v=NbRARbMvOeo","00:23:07","力学","PLDJfzGjtVLHmlQ61qmyg4CI9TgFG1opcZ"
"【大学物理】力学入門⑦(運動量保存則)【力学】","2019-05-05T08:39:15Z","https://www.youtube.com/watch?v=UHmmM9_AKo4","00:21:26","力学","PLDJfzGjtVLHmlQ61qmyg4CI9TgFG1opcZ"
"【大学物理】力学入門⑧(エネルギー保存則)【力学】","2019-06-12T09:12:05Z","https://www.youtube.com/watch?v=5elBF-NoB8U","00:27:44","力学","PLDJfzGjtVLHmlQ61qmyg4CI9TgFG1opcZ"
"【大学物理】力学入門⑨(保存力)【力学】","2019-06-29T18:50:00Z","https://www.youtube.com/watch?v=BOQZuR8Y6e0","00:32:17","力学","PLDJfzGjtVLHmlQ61qmyg4CI9TgFG1opcZ"
"【大学物理】力学入門⑩(減衰振動)【力学】","2019-10-28T14:39:43Z","https://www.youtube.com/watch?v=uLkvOvw57Ms","00:28:57","力学","PLDJfzGjtVLHmlQ61qmyg4CI9TgFG1opcZ"
"【大学物理】力学入門⑪(強制振動)【力学】","2019-11-09T12:58:29Z","https://www.youtube.com/watch?v=ibVxnc0jzn4","00:17:34","力学","PLDJfzGjtVLHmlQ61qmyg4CI9TgFG1opcZ"
"【大学物理】力学入門⑫(角運動量保存則)【力学】","2020-01-18T07:39:35Z","https://www.youtube.com/watch?v=Qc3k3HvZku8","00:32:07","力学","PLDJfzGjtVLHmlQ61qmyg4CI9TgFG1opcZ"
"【大学物理】力学入門⑬(慣性力)【力学】","2020-02-12T06:30:47Z","https://www.youtube.com/watch?v=rXpI7w2qn_g","00:26:37","力学","PLDJfzGjtVLHmlQ61qmyg4CI9TgFG1opcZ"
"【大学物理】力学入門⑭(コリオリ力)【力学】","2020-02-24T07:30:20Z","https://www.youtube.com/watch?v=S2RtAI6fRIM","00:30:54","力学","PLDJfzGjtVLHmlQ61qmyg4CI9TgFG1opcZ"
"【大学物理】力学入門⑮(2粒子系の運動)【力学】","2020-02-29T15:39:55Z","https://www.youtube.com/watch?v=u3UN6O7RSoE","00:58:49","力学","PLDJfzGjtVLHmlQ61qmyg4CI9TgFG1opcZ"
"【大学物理】剛体の力学入門①(特徴と魅力)/全6回【力学】","2018-03-15T09:15:23Z","https://www.youtube.com/watch?v=BeIMUUUMpgQ","00:08:08","力学","PLDJfzGjtVLHmlQ61qmyg4CI9TgFG1opcZ"
"【大学物理】剛体の力学入門②(重心の運動)/全6回【力学】","2018-03-15T09:15:23Z","https://www.youtube.com/watch?v=XenLTzutgOc","00:08:30","力学","PLDJfzGjtVLHmlQ61qmyg4CI9TgFG1opcZ"
"【大学物理】剛体の力学入門③(回転運動)/全6回【力学】","2018-04-15T14:01:05Z","https://www.youtube.com/watch?v=Ns61aB7JkaE","00:16:44","力学","PLDJfzGjtVLHmlQ61qmyg4CI9TgFG1opcZ"
"【大学物理】剛体の力学入門④(慣性モーメントの定義)/全6回【力学】","2018-04-22T14:21:13Z","https://www.youtube.com/watch?v=IkX1PzULBLQ","00:09:24","力学","PLDJfzGjtVLHmlQ61qmyg4CI9TgFG1opcZ"
"【大学物理】剛体の力学入門⑤(慣性モーメントの性質)/全6回【力学】","2018-05-27T14:50:00Z","https://www.youtube.com/watch?v=QLz0OtdOGU8","00:11:34","力学","PLDJfzGjtVLHmlQ61qmyg4CI9TgFG1opcZ"
"【大学物理】剛体の力学入門⑥(力学的エネルギー)/全6回【力学】","2018-05-28T12:26:42Z","https://www.youtube.com/watch?v=RNqr0g_IyB4","00:10:20","力学","PLDJfzGjtVLHmlQ61qmyg4CI9TgFG1opcZ"
"振り子の等時性は正しいのか？現れる第1種完全楕円積分","2019-11-23T10:09:21Z","https://www.youtube.com/watch?v=n-wpASaO3oE","00:16:49","力学","PLDJfzGjtVLHmlQ61qmyg4CI9TgFG1opcZ"
"【第1回雑談LIVE】1万人登録ありがとう！","2018-03-15T08:17:17.000Z","https://www.youtube.com/watch?v=kMeVYC7mPLw","01:33:17","ライブ配信","PLDJfzGjtVLHmlHYu9F0tVe5hrQSdQZgLj"
"【第2回雑談LIVE】個別指導とヨビノリの今後","2018-03-15T08:17:17.000Z","https://www.youtube.com/watch?v=tyVgHg3rDNA","01:19:43","ライブ配信","PLDJfzGjtVLHmlHYu9F0tVe5hrQSdQZgLj"
"【第3回雑談LIVE】大学生活の送り方(個性を磨く4年間)","2018-03-15T08:17:17.000Z","https://www.youtube.com/watch?v=A35qQPly9cs","01:48:34","ライブ配信","PLDJfzGjtVLHmlHYu9F0tVe5hrQSdQZgLj"
"【第4回雑談LIVE】高校講座って何やるの？","2018-03-31T18:01:02.000Z","https://www.youtube.com/watch?v=7nB9Vx8I5do","01:12:41","ライブ配信","PLDJfzGjtVLHmlHYu9F0tVe5hrQSdQZgLj"
"【第5回雑談LIVE】滑ったら配信終了!?","2018-03-31T18:01:20.000Z","https://www.youtube.com/watch?v=XQtgpEFaMBc","01:35:53","ライブ配信","PLDJfzGjtVLHmlHYu9F0tVe5hrQSdQZgLj"
"【ヨビラジ#1】各高校・大学にヨビノリのスパイ(宣伝部隊)を配置しよう","2018-04-22T14:26:25.000Z","https://www.youtube.com/watch?v=CpBoayK20ac","01:47:15","ライブ配信","PLDJfzGjtVLHmlHYu9F0tVe5hrQSdQZgLj"
"【記念LIVE】応援ありがとう！質問に答えます【登録者2万人】","2018-05-06T17:49:58.000Z","https://www.youtube.com/watch?v=NSeGAW3xJ8s","01:21:53","ライブ配信","PLDJfzGjtVLHmlHYu9F0tVe5hrQSdQZgLj"
"【ヨビラジ#2】教育系YouTuberがコラボする意味","2018-10-16T06:10:24.000Z","https://www.youtube.com/watch?v=hzkBEZcpAtU","01:16:51","ライブ配信","PLDJfzGjtVLHmlHYu9F0tVe5hrQSdQZgLj"
"【ヨビラジ#3】題名のない雑談会","2018-05-15T18:31:24.000Z","https://www.youtube.com/watch?v=6exoKj2qLWA","01:17:29","ライブ配信","PLDJfzGjtVLHmlHYu9F0tVe5hrQSdQZgLj"
"【ライブ配信】初見歓迎！ヨビノリの楽しみ方","2018-07-01T07:44:23.000Z","https://www.youtube.com/watch?v=_15WQqppmdc","01:12:01","ライブ配信","PLDJfzGjtVLHmlHYu9F0tVe5hrQSdQZgLj"
"学部で習う物理の分野を一挙に紹介！【学術ライブ#1】","2018-08-07T08:44:33.000Z","https://www.youtube.com/watch?v=tO8EcmanHIo","01:16:30","ライブ配信","PLDJfzGjtVLHmlHYu9F0tVe5hrQSdQZgLj"
"【東大博士課程】ナイスガイに色々聞いてみよう【ガチ理系トーク】","2018-08-12T16:39:27.000Z","https://www.youtube.com/watch?v=17ot57pzGo8","01:05:55","ライブ配信","PLDJfzGjtVLHmlHYu9F0tVe5hrQSdQZgLj"
"確率統計の概要とその魅力【学術ライブ#2】","2018-08-21T14:35:08.000Z","https://www.youtube.com/watch?v=5HdWCxboG8k","01:04:12","ライブ配信","PLDJfzGjtVLHmlHYu9F0tVe5hrQSdQZgLj"
"チャンネル登録4万人ありがとう【緊急ライブ】","2018-09-08T22:48:24.000Z","https://www.youtube.com/watch?v=xahxLBcoX20","00:39:16","ライブ配信","PLDJfzGjtVLHmlHYu9F0tVe5hrQSdQZgLj"
"東工大博士課程「まなか」と研究の話をしよう【学術ライブ#3】","2018-10-30T05:25:58.000Z","https://www.youtube.com/watch?v=WU3TtkaWmic","01:07:28","ライブ配信","PLDJfzGjtVLHmlHYu9F0tVe5hrQSdQZgLj"
"登録者５万人達成記念LIVE【教育系YouTuber】","2018-10-30T05:26:14.000Z","https://www.youtube.com/watch?v=fCtfz0AYXMI","01:07:12","ライブ配信","PLDJfzGjtVLHmlHYu9F0tVe5hrQSdQZgLj"
"数学の魔術師って誰？【深夜の雑談】","2018-11-17T18:37:15.000Z","https://www.youtube.com/watch?v=kHdDbKk8Rf0","01:02:11","ライブ配信","PLDJfzGjtVLHmlHYu9F0tVe5hrQSdQZgLj"
"ドラゴン堀江の裏話","2018-12-31T06:54:26.000Z","https://www.youtube.com/watch?v=-CYI7dQwb3I","01:06:20","ライブ配信","PLDJfzGjtVLHmlHYu9F0tVe5hrQSdQZgLj"
"夏の雑談ライブ","2019-03-06T16:02:59.000Z","https://www.youtube.com/watch?v=3aQt6EkMXQI","01:02:33","ライブ配信","PLDJfzGjtVLHmlHYu9F0tVe5hrQSdQZgLj"
"これからのヨビノリの話とか","2019-03-09T22:06:36.000Z","https://www.youtube.com/watch?v=3clKM7_2XTs","00:59:15","ライブ配信","PLDJfzGjtVLHmlHYu9F0tVe5hrQSdQZgLj"
"こだわりの文房具や撮影機材の紹介","2019-08-13T08:06:26.000Z","https://www.youtube.com/watch?v=No7TORytuiI","00:36:14","ライブ配信","PLDJfzGjtVLHmlHYu9F0tVe5hrQSdQZgLj"
"「時間」について語る","2019-09-03T13:57:14.000Z","https://www.youtube.com/watch?v=96OgG_zC8Q8","00:59:52","ライブ配信","PLDJfzGjtVLHmlHYu9F0tVe5hrQSdQZgLj"
"科学の質問に答えます！【大人科学相談室#1】","2019-11-06T12:02:10.000Z","https://www.youtube.com/watch?v=14lB4KSrtYM","00:58:29","ライブ配信","PLDJfzGjtVLHmlHYu9F0tVe5hrQSdQZgLj"
"【雑談】太陽の光で少し盛れたライブ","2020-03-20T08:58:32.000Z","https://www.youtube.com/watch?v=sHHWA7rzCCo","01:00:58","ライブ配信","PLDJfzGjtVLHmlHYu9F0tVe5hrQSdQZgLj"
"【雑談】人前に立つ仕事で自信を付けるには？","2020-03-25T14:08:55.000Z","https://www.youtube.com/watch?v=pJbuVcEY6HA","00:59:27","ライブ配信","PLDJfzGjtVLHmlHYu9F0tVe5hrQSdQZgLj"
"大学のオンライン授業化への意見をまとめます","2020-03-25T14:22:25.000Z","https://www.youtube.com/watch?v=4VdJeuOVNDk","00:31:01","ライブ配信","PLDJfzGjtVLHmlHYu9F0tVe5hrQSdQZgLj"
"【雑談】自動的にはじかれるコメントを教えます","2020-04-01T14:12:32.000Z","https://www.youtube.com/watch?v=Eag6M2hYAv8","00:59:46","ライブ配信","PLDJfzGjtVLHmlHYu9F0tVe5hrQSdQZgLj"
"オンラインでもできる！自主ゼミのやり方","2020-04-02T13:42:41.000Z","https://www.youtube.com/watch?v=kpH1eY_Bv3s","01:06:25","ライブ配信","PLDJfzGjtVLHmlHYu9F0tVe5hrQSdQZgLj"
"【大学数学】推定・検定入門①(母集団と標本)/全9講【確率統計】","2018-09-08T22:48:44.000Z","https://www.youtube.com/watch?v=Bj8fkq533Dc","00:10:42","確率統計","PLDJfzGjtVLHmx7qMP410-9gx0weC9d90X"
"【大学数学】推定・検定入門②(点推定)/全9講【確率統計】","2018-09-29T17:05:19.000Z","https://www.youtube.com/watch?v=EVyqa5FwxGc","00:15:56","確率統計","PLDJfzGjtVLHmx7qMP410-9gx0weC9d90X"
"【大学数学】推定・検定入門③(区間推定：分散が既知な場合)/全9講【確率統計】","2018-10-13T16:04:26.000Z","https://www.youtube.com/watch?v=n-CNHHCaCi0","00:24:36","確率統計","PLDJfzGjtVLHmx7qMP410-9gx0weC9d90X"
"【大学数学】推定・検定入門④(区間推定：分散が未知な場合)/全9講【確率統計】","2018-11-04T05:30:39.000Z","https://www.youtube.com/watch?v=6YfeVshwfrY","00:18:55","確率統計","PLDJfzGjtVLHmx7qMP410-9gx0weC9d90X"
"【大学数学】推定・検定入門⑤(区間推定：母集団分布が未知な場合)/全9講【確率統計】","2019-02-20T14:26:52.000Z","https://www.youtube.com/watch?v=qeD0gRs1yc4","00:18:02","確率統計","PLDJfzGjtVLHmx7qMP410-9gx0weC9d90X"
"【大学数学】推定・検定入門⑥(母比率の推定)/全9講【確率統計】","2019-05-15T06:25:09.000Z","https://www.youtube.com/watch?v=Xhrx5scFzC8","00:16:31","確率統計","PLDJfzGjtVLHmx7qMP410-9gx0weC9d90X"
"【大学数学】推定・検定入門⑦(母分散の推定)/全9講【確率統計】","2019-07-16T16:26:54.000Z","https://www.youtube.com/watch?v=NGNnr35Swmc","00:17:31","確率統計","PLDJfzGjtVLHmx7qMP410-9gx0weC9d90X"
"【大学数学】推定・検定入門⑧(母平均の検定)/全9講【確率統計】","2019-07-30T06:23:04.000Z","https://www.youtube.com/watch?v=4ZHcBtLdOQs","00:26:17","確率統計","PLDJfzGjtVLHmx7qMP410-9gx0weC9d90X"
"【大学数学】推定・検定入門⑨(ウェルチの検定)/全9講【確率統計】","2019-09-07T13:49:20.000Z","https://www.youtube.com/watch?v=Det2IBRXajc","00:14:43","確率統計","PLDJfzGjtVLHmx7qMP410-9gx0weC9d90X"
"【大学数学】最小二乗法(回帰分析)【確率統計】","2018-05-27T14:49:11.000Z","https://www.youtube.com/watch?v=Zz1sgYxrA-k","00:11:26","確率統計","PLDJfzGjtVLHmx7qMP410-9gx0weC9d90X"
"【大学数学】チェビシェフの不等式【確率統計】","2018-07-14T13:05:31.000Z","https://www.youtube.com/watch?v=d-ugoDdXWrU","00:17:05","確率統計","PLDJfzGjtVLHmx7qMP410-9gx0weC9d90X"
"【確率統計】中心極限定理の気持ち【特別講義】","2018-02-26T18:25:56.000Z","https://www.youtube.com/watch?v=CHOLN1tAJWI","00:07:11","確率統計","PLDJfzGjtVLHmx7qMP410-9gx0weC9d90X"
"【大学数学】ベイズの定理【確率統計】","2019-01-10T11:28:22.000Z","https://www.youtube.com/watch?v=oUN_GhB00fU","00:15:55","確率統計","PLDJfzGjtVLHmx7qMP410-9gx0weC9d90X"
"【大学数学】ベイジアンネットワーク【機械学習】","2018-02-26T18:25:56.000Z","https://www.youtube.com/watch?v=zYKOL5RpVbo","00:16:08","確率統計","PLDJfzGjtVLHmx7qMP410-9gx0weC9d90X"
"【大学数学】ポアソン分布(具体例やその意味、ポアソンの極限定理)【確率統計】","2019-08-29T16:52:00.000Z","https://www.youtube.com/watch?v=1r_tSjZCNzg","00:22:32","確率統計","PLDJfzGjtVLHmx7qMP410-9gx0weC9d90X"
"【大学数学】指数分布(具体例やその意味、ポアソン分布との関係)【確率統計】","2019-09-12T07:54:10.000Z","https://www.youtube.com/watch?v=4Y5otbAwGlc","00:24:10","確率統計","PLDJfzGjtVLHmx7qMP410-9gx0weC9d90X"
"簡単な計算で物事の終わりの時期を見積もる【ゴットの推定】","2019-12-17T07:00:47.000Z","https://www.youtube.com/watch?v=8cjPClcnv50","00:17:25","確率統計","PLDJfzGjtVLHmx7qMP410-9gx0weC9d90X"
"期待値が無限大な賭け(サンクトペテルブルクのパラドックス)","2020-02-13T15:10:20.000Z","https://www.youtube.com/watch?v=B__gzT-rQjw","00:29:35","確率統計","PLDJfzGjtVLHmx7qMP410-9gx0weC9d90X"
"【機械学習】教師あり学習と教師なし学習の違い","2020-03-31T14:28:20.000Z","https://www.youtube.com/watch?v=U8uqieKYtY4","00:15:51","確率統計","PLDJfzGjtVLHmx7qMP410-9gx0weC9d90X"
"【機械学習】深層学習(ディープラーニング)とは何か","2020-04-15T16:05:52.000Z","https://www.youtube.com/watch?v=s5_Pk3CjhNA","00:19:47","確率統計","PLDJfzGjtVLHmx7qMP410-9gx0weC9d90X"
"【1分解説】sin15°の図形的な求め方【数学雑学】","2018-01-22T05:27:39.000Z","https://www.youtube.com/watch?v=iMVChD17bIM","00:00:50","1分解説","PLDJfzGjtVLHkgc_MbRNtFUeW_Fb1oAtqg"
"【1分解説】光触媒としての酸化チタン(Ⅳ)【受験化学+α】","2018-01-22T05:27:39.000Z","https://www.youtube.com/watch?v=uRMjKD8aRqs","00:00:52","1分解説","PLDJfzGjtVLHkgc_MbRNtFUeW_Fb1oAtqg"
"【1分解説】定圧変化じゃないのにW=pΔV？【受験物理+α】","2018-01-23T10:27:46.000Z","https://www.youtube.com/watch?v=Xd1zrUDssXc","00:00:45","1分解説","PLDJfzGjtVLHkgc_MbRNtFUeW_Fb1oAtqg"
"【1分解説】放射性崩壊と微分方程式【受験化学+α】","2018-01-27T10:37:22.000Z","https://www.youtube.com/watch?v=UqPZaP75tt8","00:00:50","1分解説","PLDJfzGjtVLHkgc_MbRNtFUeW_Fb1oAtqg"
"【1分解説】時代を変えた反応「無機物から有機物へ」(ヴェーラー合成)【受験化学+α】","2018-02-01T17:17:18.000Z","https://www.youtube.com/watch?v=Vq1bIKGdpxc","00:00:58","1分解説","PLDJfzGjtVLHkgc_MbRNtFUeW_Fb1oAtqg"
"【1分解説】単位の接頭辞(ナノ、メガ、ギガなど)【科学雑学】","2018-02-07T10:39:45.000Z","https://www.youtube.com/watch?v=6xZXUcZqmdo","00:00:58","1分解説","PLDJfzGjtVLHkgc_MbRNtFUeW_Fb1oAtqg"
"【1分解説】四つの力(基本相互作用)【受験物理+α】","2018-02-13T01:12:54.000Z","https://www.youtube.com/watch?v=zl3RJ9IkBzE","00:00:56","1分解説","PLDJfzGjtVLHkgc_MbRNtFUeW_Fb1oAtqg"
"【1分解説】飛行機はなぜ飛ぶのか？【物理雑学】","2018-02-18T09:10:48.000Z","https://www.youtube.com/watch?v=rwEf03f63Bw","00:00:56","1分解説","PLDJfzGjtVLHkgc_MbRNtFUeW_Fb1oAtqg"
"【1分解説】空はなぜ青いのか？【物理雑学】","2018-02-22T02:03:24.000Z","https://www.youtube.com/watch?v=-A7vaqdr2NU","00:01:00","1分解説","PLDJfzGjtVLHkgc_MbRNtFUeW_Fb1oAtqg"
"【1分解説】夕焼けはなぜ赤いのか？【物理雑学】","2018-03-06T11:07:12.000Z","https://www.youtube.com/watch?v=bchPXhDR8ho","00:00:47","1分解説","PLDJfzGjtVLHkgc_MbRNtFUeW_Fb1oAtqg"
"【1分解説】虚像はなぜ見える【高校物理+α】","2018-04-24T10:03:00.000Z","https://www.youtube.com/watch?v=fcovX730ulw","00:00:59","1分解説","PLDJfzGjtVLHkgc_MbRNtFUeW_Fb1oAtqg"
"【代数学】群がどうしても分からない君へ(群論超入門)【特別講義】","2017-11-20T16:09:10Z","https://www.youtube.com/watch?v=eKg--UMWFZc","00:23:29","代数学","PLDJfzGjtVLHn9XEfkMHH157Q-IgLiI8p9"
"はじめに(魔法の計算テクニック)【インド式計算】","2017-11-02T17:28:12.000Z","https://www.youtube.com/watch?v=FJnp_AIiBus","00:07:42","インド式計算","PLDJfzGjtVLHkRp7Qz3l6PoRVoc8aFYZWE"
"十の位が同じで一の位の和が10のかけ算【インド式計算】","2017-11-02T17:28:23.000Z","https://www.youtube.com/watch?v=yzOeR8dVFP0","00:09:18","インド式計算","PLDJfzGjtVLHkRp7Qz3l6PoRVoc8aFYZWE"
"11から19までの数どうしのかけ算【インド式計算】","2017-11-20T16:07:16.000Z","https://www.youtube.com/watch?v=sZ5NARuVFXs","00:07:57","インド式計算","PLDJfzGjtVLHkRp7Qz3l6PoRVoc8aFYZWE"
"2桁の数の三乗【インド式計算】","2017-12-01T16:10:29.000Z","https://www.youtube.com/watch?v=uXoGTRA_RrA","00:13:12","インド式計算","PLDJfzGjtVLHkRp7Qz3l6PoRVoc8aFYZWE"
"一の位が同じで十の位の和が10のかけ算【インド式計算】","2017-12-31T10:47:24.000Z","https://www.youtube.com/watch?v=IW-yoPOz7ds","00:08:31","インド式計算","PLDJfzGjtVLHkRp7Qz3l6PoRVoc8aFYZWE"
"9が連続する数とのかけ算【インド式計算】","2018-02-14T23:34:20.000Z","https://www.youtube.com/watch?v=RcSctGDmNdc","00:08:08","インド式計算","PLDJfzGjtVLHkRp7Qz3l6PoRVoc8aFYZWE"
"11とのかけ算【インド式計算】","2018-05-09T12:04:42.000Z","https://www.youtube.com/watch?v=BiQMkQPkNe4","00:07:38","インド式計算","PLDJfzGjtVLHkRp7Qz3l6PoRVoc8aFYZWE"
"線を描くだけ！万能視覚的かけ算【インド式計算】","2019-11-02T09:00:24.000Z","https://www.youtube.com/watch?v=Sj6Y43D76GA","00:08:14","インド式計算","PLDJfzGjtVLHkRp7Qz3l6PoRVoc8aFYZWE"
"【大学物理】ナビエストークス方程式①(数学的・物理的意味)/全4回【流体力学】","2017-09-23T16:09:12.000Z","https://www.youtube.com/watch?v=MZg0ikSqcvA","00:11:40","流体力学","PLDJfzGjtVLHmous-5syVVsykMIs-Kcm6z"
"【大学物理】ナビエストークス方程式②(物質微分)/全4回【流体力学】","2017-09-28T11:02:37.000Z","https://www.youtube.com/watch?v=7wuIMKUNZwk","00:11:48","流体力学","PLDJfzGjtVLHmous-5syVVsykMIs-Kcm6z"
"【大学物理】ナビエストークス方程式③(圧力・外力)/全4回【流体力学】","2017-10-03T11:07:29.000Z","https://www.youtube.com/watch?v=ggDaJD54RkY","00:09:53","流体力学","PLDJfzGjtVLHmous-5syVVsykMIs-Kcm6z"
"【大学物理】ナビエストークス方程式④(粘性力)/全4回【流体力学】","2017-10-08T15:46:01.000Z","https://www.youtube.com/watch?v=j7GSz9SxkZQ","00:29:18","流体力学","PLDJfzGjtVLHmous-5syVVsykMIs-Kcm6z"
"【大学化学】ミカエリス・メンテン式【反応速度論】","2017-09-01T04:54:47.000Z","https://www.youtube.com/watch?v=As2tJkPpuXY","00:17:27","大学化学&大学生物","PLDJfzGjtVLHkFocgTQrrhzuRfvxMbe6Zg"
"【大学化学】ルイスの定義【無機化学】","2018-03-15T08:15:20.000Z","https://www.youtube.com/watch?v=H5vsDh1fMYc","00:10:46","大学化学&大学生物","PLDJfzGjtVLHkFocgTQrrhzuRfvxMbe6Zg"
"物理みたいな生物やろう！システム生物学①(遺伝子制御)","2019-11-18T15:29:30.000Z","https://www.youtube.com/watch?v=p6NM8-PNndY","00:31:30","大学化学&大学生物","PLDJfzGjtVLHkFocgTQrrhzuRfvxMbe6Zg"
"生体内のフィードバック機構？システム生物学②(負の自己制御)","2019-11-24T11:15:14.000Z","https://www.youtube.com/watch?v=KxD8l69TSbM","00:23:54","大学化学&大学生物","PLDJfzGjtVLHkFocgTQrrhzuRfvxMbe6Zg"
"なぜ餌のある方へ寄っていける？システム生物学③(大腸菌の走化性)","2019-12-02T10:31:45.000Z","https://www.youtube.com/watch?v=uISQmsn6PNc","00:30:58","大学化学&大学生物","PLDJfzGjtVLHkFocgTQrrhzuRfvxMbe6Zg"
"ノイズ環境下でも生物はなぜ強い？システム生物学④(動力学的校正)","2019-12-05T17:07:09.000Z","https://www.youtube.com/watch?v=iHJ_VCNRMWI","00:31:48","大学化学&大学生物","PLDJfzGjtVLHkFocgTQrrhzuRfvxMbe6Zg"
"【大学化学】電子配置の基本(電子軌道、電子スピンなど)【無機化学】","2020-01-09T09:43:13.000Z","https://www.youtube.com/watch?v=I_fTR-0TZ4o","00:16:45","大学化学&大学生物","PLDJfzGjtVLHkFocgTQrrhzuRfvxMbe6Zg"
"「利己的な遺伝子」とは何か","2020-04-03T09:51:44.000Z","https://www.youtube.com/watch?v=MWCkiNL7AbU","00:31:57","大学化学&大学生物","PLDJfzGjtVLHkFocgTQrrhzuRfvxMbe6Zg"
"【大学物理】マクスウェル方程式の意味【電磁気学】","2017-08-09T19:44:21.000Z","https://www.youtube.com/watch?v=Yjso-2cL5SY","00:12:55","電磁気学","PLDJfzGjtVLHlZ5PEEr6HtPgD9ymXPaRvS"
"【大学数学】div(発散)の意味【ベクトル解析】","2017-08-03T06:55:20.000Z","https://www.youtube.com/watch?v=ZS51xsn7onA","00:15:32","ベクトル解析","PLDJfzGjtVLHkFl7M_MjP_Y9R_8EQfVlPP"
"【大学数学】grad(勾配)の意味【ベクトル解析】","2017-08-06T13:28:21.000Z","https://www.youtube.com/watch?v=p7hEoWv7pp4","00:14:07","ベクトル解析","PLDJfzGjtVLHkFl7M_MjP_Y9R_8EQfVlPP"
"【ベクトル解析】rot(回転)の意味【特別講義】","2018-01-25T16:26:33.000Z","https://www.youtube.com/watch?v=JjdmVjQSKkA","00:11:23","ベクトル解析","PLDJfzGjtVLHkFl7M_MjP_Y9R_8EQfVlPP"
"【大学数学】テイラー展開の気持ち【解析学】","2017-08-02T17:39:32.000Z","https://www.youtube.com/watch?v=qzd5iXKHkiU","00:17:16","解析学","PLDJfzGjtVLHnu5l4QEpWZiXdDKF5mFnhh"
"【大学数学】偏微分とは何か【解析学】","2018-11-14T14:58:35.000Z","https://www.youtube.com/watch?v=UWFTIEIruyc","00:18:31","解析学","PLDJfzGjtVLHnu5l4QEpWZiXdDKF5mFnhh"
"【大学数学】全微分とは何か【解析学】","2018-11-28T10:42:08.000Z","https://www.youtube.com/watch?v=ChoArVJnSjQ","00:11:56","解析学","PLDJfzGjtVLHnu5l4QEpWZiXdDKF5mFnhh"
"【大学数学】ε-δ論法(関数の連続性)【解析学】","2018-05-06T15:24:02.000Z","https://www.youtube.com/watch?v=t3JPms8Y1l4","00:07:47","解析学","PLDJfzGjtVLHnu5l4QEpWZiXdDKF5mFnhh"
"【大学数学】ガウス積分の証明【解析学】","2017-09-09T11:17:15.000Z","https://www.youtube.com/watch?v=TvZpbYRIh48","00:12:22","解析学","PLDJfzGjtVLHnu5l4QEpWZiXdDKF5mFnhh"
"【大学数学】ガウス積分の類似形【解析学】","2017-09-12T06:40:12.000Z","https://www.youtube.com/watch?v=u6sBzqF8gWI","00:20:17","解析学","PLDJfzGjtVLHnu5l4QEpWZiXdDKF5mFnhh"
"【大学数学】双曲線関数とは何か【解析学】","2017-10-15T13:21:31.000Z","https://www.youtube.com/watch?v=Yvcngy6xtio","00:13:44","解析学","PLDJfzGjtVLHnu5l4QEpWZiXdDKF5mFnhh"
"【大学数学】逆三角関数とは何か【解析学】","2018-08-02T16:01:49.000Z","https://www.youtube.com/watch?v=wAwVmQSaiuk","00:14:28","解析学","PLDJfzGjtVLHnu5l4QEpWZiXdDKF5mFnhh"
"【大学数学】3次元極座標(球座標)【解析学】","2018-01-21T20:30:49.000Z","https://www.youtube.com/watch?v=5qXMuaWe-HA","00:07:32","解析学","PLDJfzGjtVLHnu5l4QEpWZiXdDKF5mFnhh"
"【大学数学】立体角(3次元における角度)【解析学】","2017-12-17T09:54:31.000Z","https://www.youtube.com/watch?v=aNoEzONgIYo","00:14:39","解析学","PLDJfzGjtVLHnu5l4QEpWZiXdDKF5mFnhh"
"【解析学】ウォリスの積分公式【特別講義】","2018-02-09T16:53:32.000Z","https://www.youtube.com/watch?v=KtFzNVs2y8k","00:10:06","解析学","PLDJfzGjtVLHnu5l4QEpWZiXdDKF5mFnhh"
"【大学数学】フーリエ変換の気持ち【解析学】","2018-04-15T13:59:57.000Z","https://www.youtube.com/watch?v=bjBZEKdlLD0","00:10:02","解析学","PLDJfzGjtVLHnu5l4QEpWZiXdDKF5mFnhh"
"【大学数学】デルタ関数とは何か【解析学】","2017-11-20T16:08:19.000Z","https://www.youtube.com/watch?v=ojMth6p1FUA","00:08:56","解析学","PLDJfzGjtVLHnu5l4QEpWZiXdDKF5mFnhh"
"【大学数学】ライプニッツの公式【解析学】","2018-10-17T09:03:34.000Z","https://www.youtube.com/watch?v=y03nY420x94","00:08:47","解析学","PLDJfzGjtVLHnu5l4QEpWZiXdDKF5mFnhh"
"【大学数学】supとinf(上限と下限)【解析学】","2018-12-20T08:37:30.000Z","https://www.youtube.com/watch?v=pySvmqhB6BY","00:15:51","解析学","PLDJfzGjtVLHnu5l4QEpWZiXdDKF5mFnhh"
"【大学数学】各点収束と一様収束(関数列の極限)【解析学】","2019-03-17T17:09:18.000Z","https://www.youtube.com/watch?v=r0V14KCiixU","00:31:05","解析学","PLDJfzGjtVLHnu5l4QEpWZiXdDKF5mFnhh"
"【大学数学】重積分①(その意味)/全4回【解析学】","2018-03-28T10:23:49.000Z","https://www.youtube.com/watch?v=eqdsux1il54","00:09:23","解析学","PLDJfzGjtVLHnu5l4QEpWZiXdDKF5mFnhh"
"【大学数学】重積分②(累次積分法)/全4回【解析学】","2018-04-15T14:00:16.000Z","https://www.youtube.com/watch?v=20jMCdR7ZL4","00:14:57","解析学","PLDJfzGjtVLHnu5l4QEpWZiXdDKF5mFnhh"
"【大学数学】重積分③(置換積分法)/全4回【解析学】","2018-05-16T11:13:51.000Z","https://www.youtube.com/watch?v=qpDZS1bzt-E","00:08:16","解析学","PLDJfzGjtVLHnu5l4QEpWZiXdDKF5mFnhh"
"【大学数学】重積分④(ヤコビアン)/全4回【解析学】","2018-06-16T16:39:24.000Z","https://www.youtube.com/watch?v=Iu8jVdkiKTc","00:14:58","解析学","PLDJfzGjtVLHnu5l4QEpWZiXdDKF5mFnhh"
"【大学数学】ガンマ関数①(定義と性質)【解析学】","2019-06-26T16:28:24.000Z","https://www.youtube.com/watch?v=K-HwL3N4P5Q","00:17:00","解析学","PLDJfzGjtVLHnu5l4QEpWZiXdDKF5mFnhh"
"【大学数学】ガンマ関数②(収束性の証明)【解析学】","2019-05-29T07:07:27.000Z","https://www.youtube.com/watch?v=dy40up4jnc0","00:12:11","解析学","PLDJfzGjtVLHnu5l4QEpWZiXdDKF5mFnhh"
"【大学数学】ガンマ関数③(n次元球の体積)【解析学】","2019-06-26T03:40:21.000Z","https://www.youtube.com/watch?v=AEj6MOoAgL4","00:20:51","解析学","PLDJfzGjtVLHnu5l4QEpWZiXdDKF5mFnhh"
"有理数の稠密性","2019-12-23T07:32:26.000Z","https://www.youtube.com/watch?v=CV-PgDTHISU","00:13:25","解析学","PLDJfzGjtVLHnu5l4QEpWZiXdDKF5mFnhh"
"コーシーの関数方程式/Cauchy's functional equation","2020-01-07T17:55:51.000Z","https://www.youtube.com/watch?v=8o7zGW-OyGE","00:24:28","解析学","PLDJfzGjtVLHnu5l4QEpWZiXdDKF5mFnhh"
"ロピタルの定理①(定理と使用例)","2020-01-20T16:48:00.000Z","https://www.youtube.com/watch?v=dRpnR2Q6GPI","00:34:18","解析学","PLDJfzGjtVLHnu5l4QEpWZiXdDKF5mFnhh"
"ロピタルの定理②(成り立たないケース)","2020-01-20T17:53:05.000Z","https://www.youtube.com/watch?v=Bf5tj9eZQoQ","00:15:28","解析学","PLDJfzGjtVLHnu5l4QEpWZiXdDKF5mFnhh"
"ロピタルの定理③(ロルの定理)","2020-01-20T17:54:59.000Z","https://www.youtube.com/watch?v=x-BiZXs-Yf8","00:18:20","解析学","PLDJfzGjtVLHnu5l4QEpWZiXdDKF5mFnhh"
"ロピタルの定理④(平均値の定理)","2020-01-20T18:00:24.000Z","https://www.youtube.com/watch?v=v4RC1RlIRso","00:09:46","解析学","PLDJfzGjtVLHnu5l4QEpWZiXdDKF5mFnhh"
"ロピタルの定理⑤(コーシーの平均値の定理)","2020-01-20T18:02:18.000Z","https://www.youtube.com/watch?v=4ZC7zMoUKjw","00:12:33","解析学","PLDJfzGjtVLHnu5l4QEpWZiXdDKF5mFnhh"
"ロピタルの定理⑥(定理の証明)","2020-02-02T09:44:26.000Z","https://www.youtube.com/watch?v=8GxzqKvA1_o","00:32:19","解析学","PLDJfzGjtVLHnu5l4QEpWZiXdDKF5mFnhh"
"【大学数学】線形代数入門①(概観&ベクトル)【線形代数】","2018-07-20T06:00:19.000Z","https://www.youtube.com/watch?v=svm8hlhF8PA","00:15:12","線形代数","PLDJfzGjtVLHnc1vTpBaCNKMUl6HauQv1a"
"【大学数学】線形代数入門②(行列)【線形代数】","2018-07-29T03:38:05.000Z","https://www.youtube.com/watch?v=ltFl0FpLTzQ","00:17:21","線形代数","PLDJfzGjtVLHnc1vTpBaCNKMUl6HauQv1a"
"【大学数学】線形代数入門③(一次変換と演算の性質)【線形代数】","2018-09-12T14:47:09.000Z","https://www.youtube.com/watch?v=X2Xy2wnQbXc","00:18:46","線形代数","PLDJfzGjtVLHnc1vTpBaCNKMUl6HauQv1a"
"【大学数学】線形代数入門④(一次独立と一次従属)【線形代数】","2018-11-21T15:14:01.000Z","https://www.youtube.com/watch?v=6lKtkf3SNyE","00:13:29","線形代数","PLDJfzGjtVLHnc1vTpBaCNKMUl6HauQv1a"
"【大学数学】線形代数入門⑤(連立方程式：掃き出し法)【線形代数】","2018-11-21T11:04:47.000Z","https://www.youtube.com/watch?v=Da73Ra7gWKU","00:18:34","線形代数","PLDJfzGjtVLHnc1vTpBaCNKMUl6HauQv1a"
"【大学数学】線形代数入門⑥(連立方程式：不定と不能)【線形代数】","2018-12-06T17:38:09.000Z","https://www.youtube.com/watch?v=SrGvI85h6Mk","00:13:32","線形代数","PLDJfzGjtVLHnc1vTpBaCNKMUl6HauQv1a"
"【大学数学】線形代数入門⑦(連立方程式：階数)【線形代数】","2018-12-26T23:17:57.000Z","https://www.youtube.com/watch?v=J_WpopdTjVU","00:20:06","線形代数","PLDJfzGjtVLHnc1vTpBaCNKMUl6HauQv1a"
"【大学数学】線形代数入門⑧(行列式：定義と性質)【線形代数】","2019-01-20T16:47:16.000Z","https://www.youtube.com/watch?v=_TGC3rnWxDc","00:20:10","線形代数","PLDJfzGjtVLHnc1vTpBaCNKMUl6HauQv1a"
"【大学数学】線形代数入門⑨(行列式：余因子展開)【線形代数】","2019-04-03T07:21:25.000Z","https://www.youtube.com/watch?v=VwZ0EtT_UiI","00:27:23","線形代数","PLDJfzGjtVLHnc1vTpBaCNKMUl6HauQv1a"
"【大学数学】線形代数入門⑩(逆行列：定義)【線形代数】","2019-05-01T04:27:49.000Z","https://www.youtube.com/watch?v=FbAKS6OY0k0","00:40:11","線形代数","PLDJfzGjtVLHnc1vTpBaCNKMUl6HauQv1a"
"【大学数学】線形代数入門⑪(逆行列：掃き出し法)【線形代数】","2019-07-08T13:48:32.000Z","https://www.youtube.com/watch?v=K9yZYDUHEVQ","00:17:33","線形代数","PLDJfzGjtVLHnc1vTpBaCNKMUl6HauQv1a"
"【大学数学】線形代数入門⑫(固有値・固有ベクトル)【線形代数】","2019-10-01T10:40:25.000Z","https://www.youtube.com/watch?v=_TgBFx0jwRQ","00:26:06","線形代数","PLDJfzGjtVLHnc1vTpBaCNKMUl6HauQv1a"
"【大学数学】線形代数入門⑬(対角化：重解がない場合)【線形代数】","2019-10-01T10:43:47.000Z","https://www.youtube.com/watch?v=FTC_aekgqCg","00:30:42","線形代数","PLDJfzGjtVLHnc1vTpBaCNKMUl6HauQv1a"
"【大学数学】線形代数入門⑭(対角化：重解がある場合)","2019-10-01T10:45:46.000Z","https://www.youtube.com/watch?v=HxkZgaY8uZg","00:12:51","線形代数","PLDJfzGjtVLHnc1vTpBaCNKMUl6HauQv1a"
"【大学数学】行列式の求め方(テスト対策)【線形代数】","2017-07-18T13:04:24.000Z","https://www.youtube.com/watch?v=b9LUUrXXYK0","00:26:04","線形代数","PLDJfzGjtVLHnc1vTpBaCNKMUl6HauQv1a"
"【大学数学】連立1次方程式の解き方(テスト対策)【線形代数】","2017-07-18T13:04:24.000Z","https://www.youtube.com/watch?v=ESzPIqpwRxQ","00:38:14","線形代数","PLDJfzGjtVLHnc1vTpBaCNKMUl6HauQv1a"
"【大学数学】逆行列の求め方(テスト対策)【線形代数】","2017-07-18T17:13:25.000Z","https://www.youtube.com/watch?v=1RPXXitSLDc","00:28:44","線形代数","PLDJfzGjtVLHnc1vTpBaCNKMUl6HauQv1a"
"【大学数学】なぜ線形代数か(行列の意味)【線形代数】","2017-12-25T00:52:22.000Z","https://www.youtube.com/watch?v=XzT708UnDRk","00:07:30","線形代数","PLDJfzGjtVLHnc1vTpBaCNKMUl6HauQv1a"
"【大学数学】ベクトル空間①(定義)/全3回【線形代数】","2018-01-12T02:57:37.000Z","https://www.youtube.com/watch?v=F0mkAiRiLik","00:17:41","線形代数","PLDJfzGjtVLHnc1vTpBaCNKMUl6HauQv1a"
"【大学数学】ベクトル空間②(易しい例)/全3回【線形代数】","2018-01-16T13:44:54.000Z","https://www.youtube.com/watch?v=iY4MAtFBwKE","00:10:21","線形代数","PLDJfzGjtVLHnc1vTpBaCNKMUl6HauQv1a"
"【大学数学】ベクトル空間③(難しい例)/全3回【線形代数】","2018-02-01T01:57:02.000Z","https://www.youtube.com/watch?v=thqemoD0gtE","00:15:09","線形代数","PLDJfzGjtVLHnc1vTpBaCNKMUl6HauQv1a"
"【大学数学】固有値・固有ベクトルの求め方(テスト対策)【線形代数】","2017-11-05T09:16:52.000Z","https://www.youtube.com/watch?v=zBvG9qreHjo","00:22:36","線形代数","PLDJfzGjtVLHnc1vTpBaCNKMUl6HauQv1a"
"【大学数学】行列の対角化演習(テスト対策)【線形代数】","2019-10-24T05:34:12.000Z","https://www.youtube.com/watch?v=t7lZwgyi6rg","00:26:12","線形代数","PLDJfzGjtVLHnc1vTpBaCNKMUl6HauQv1a"