"タイトル","公開日","URL","長さ","科目","対象","プレイリストタイトル"
"微分方程式入門①(微分方程式とは)","2020-04-21T06:13:19Z","https://www.youtube.com/watch?v=po97dnBfoco","00:33:15","数学","大人","微分方程式"
"微分方程式入門②(変数分離形)","2020-04-23T14:52:01Z","https://www.youtube.com/watch?v=uPRY-KUl4fg","00:36:45","数学","大人","微分方程式"
"微分方程式入門③(同次形)","2020-04-29T15:03:58Z","https://www.youtube.com/watch?v=QeYOiFU6UNs","00:21:34","数学","大人","微分方程式"
"生物学を教養として学ぶべき理由【教養として学ぶ生物学】","2020-04-02T19:29:31.000Z","https://www.youtube.com/watch?v=Cy9breHH-wg","00:13:02","生物","大人","教養として学ぶ生物学"
"真核細胞と原核細胞【教養として学ぶ生物学】","2020-04-03T20:40:08.000Z","https://www.youtube.com/watch?v=fdKR9Ke9a3w","00:18:26","生物","大人","教養として学ぶ生物学"
"中学で習うことでもノーベル賞！？ノーベル化学賞全解説①(1901~1920)","2020-03-07T11:29:43.000Z","https://www.youtube.com/watch?v=xs-n7x9SQP8","00:31:31","化学","大人","ノーベル化学賞全解説"
"少し重い原子の発見とその大胆な活用法！ノーベル化学賞全解説②(1921~1940)","2020-03-15T05:57:12.000Z","https://www.youtube.com/watch?v=RRtOb7YdrIs","00:27:53","化学","大人","ノーベル化学賞全解説"
"炭素を用いて歴史に迫る！？ノーベル化学賞全解説③(1941~1960)","2020-03-21T16:14:38.000Z","https://www.youtube.com/watch?v=OxyOkEiMLlw","00:25:05","化学","大人","ノーベル化学賞全解説"
"不可逆過程に散逸構造！カッコいい言葉が並ぶノーベル化学賞全解説④(1961~1980)","2020-03-29T08:09:52.000Z","https://www.youtube.com/watch?v=DigF7CNHf-4","00:30:09","化学","大人","ノーベル化学賞全解説"
"フロンティア軌道理論に軌道対称性保存則！？ノーベル化学賞全解説⑤(1981~2000)","2020-04-04T17:49:41.000Z","https://www.youtube.com/watch?v=uz76DW2Wz-A","00:29:14","化学","大人","ノーベル化学賞全解説"
"死の生物学とは何か？ノーベル化学賞全解説⑥(2001~2019)","2020-04-11T16:08:22.000Z","https://www.youtube.com/watch?v=V0qix3u0Gs8","00:35:48","化学","大人","ノーベル化学賞全解説"
"中学数学からはじめる微分積分","2020-02-22T17:00:48Z","https://www.youtube.com/watch?v=4p1rwfXbCoY","01:46:23","数学","大人","大型授業"
"中学数学からはじめる相対性理論","2020-02-22T17:00:48Z","https://www.youtube.com/watch?v=voFHToRM4xI","02:03:08","数学","大人","大型授業"
"現在から宇宙の終焉まで【宇宙の歴史②(未来編)】","2020-02-22T17:00:48Z","https://www.youtube.com/watch?v=o5DeLXaYNZM","00:21:30","物理","大人","大型授業"
"宇宙創生から現在まで【宇宙の歴史①(過去編)】","2020-02-22T17:00:48Z","https://www.youtube.com/watch?v=1qUrdcRkRLc","00:25:41","物理","大人","大型授業"
"目視から回転歯車まで！光の速さはどう測る？","2020-02-22T17:00:48Z","https://www.youtube.com/watch?v=p3MrNShSq-Y","00:23:48","物理","大人","大型授業"
"熱力学入門①(概観と魅力)","2020-02-15T05:12:43Z","https://www.youtube.com/watch?v=438x0ZS4bV4","00:25:44","物理","大人","熱力学・熱化学"
"熱力学入門②(仕事と熱：熱力学第一法則)","2020-02-17T14:32:59Z","https://www.youtube.com/watch?v=A4YBZR-f_ug","00:37:09","物理","大人","熱力学・熱化学"
"熱力学入門③(エンタルピー)","2020-03-02T10:18:07Z","https://www.youtube.com/watch?v=1WwFlK6jjQE","00:24:35","物理","大人","熱力学・熱化学"
"熱力学入門④(エントロピー)","2020-03-17T18:27:21Z","https://www.youtube.com/watch?v=gUdHEZGwsuw","00:42:27","物理","大人","熱力学・熱化学"
"熱力学入門⑤(ヘルムホルツの自由エネルギー)","2020-04-08T09:33:52Z","https://www.youtube.com/watch?v=N1tub3Ofh1E","00:22:46","物理","大人","熱力学・熱化学"
"仕事と熱の分子論的解釈(第二法則の気持ち)","2020-02-07T13:38:09Z","https://www.youtube.com/watch?v=BQ6ABXrexNc","00:13:14","物理","大人","熱力学・熱化学"
"物理学の根幹を揺るがす思考実験(マクスウェルの悪魔)","2020-04-29T04:37:08Z","https://www.youtube.com/watch?v=AFx6CqYtbwQ","00:23:18","物理","大人","熱力学・熱化学"
"宇宙創生から現在まで【宇宙の歴史①(過去編)】","2020-01-12T01:56:07Z","https://www.youtube.com/watch?v=1qUrdcRkRLc","00:25:41","物理","大人","宇宙"
"現在から宇宙の終焉まで【宇宙の歴史②(未来編)】","2020-01-18T16:47:47Z","https://www.youtube.com/watch?v=o5DeLXaYNZM","00:21:30","物理","大人","宇宙"
"目視から回転歯車まで！光の速さはどう測る？","2020-01-23T18:27:46Z","https://www.youtube.com/watch?v=p3MrNShSq-Y","00:23:48","物理","大人","宇宙"
"もしも生徒が全員予備校講師だったら","2020-02-22T08:56:52Z","https://www.youtube.com/watch?v=LkyIr5fcnpI","00:57:40","物理","大人","宇宙"
"電子の予言と発見！ノーベル物理学賞全解説①(1901~1920)","2019-11-16T18:28:31.000Z","https://www.youtube.com/watch?v=OOiuRvJRUz4","00:33:22","物理","大人","ノーベル物理学賞全解説"
"光は粒子なのか波なのか？ノーベル物理学賞全解説②(1921~1940)","2019-11-16T18:28:31.000Z","https://www.youtube.com/watch?v=fpRG9rebfVI","00:40:07","物理","大人","ノーベル物理学賞全解説"
"反粒子の発見！ノーベル物理学賞全解説③(1941~1960)","2019-11-16T18:28:31.000Z","https://www.youtube.com/watch?v=Z8WMuKA56Ec","00:43:27","物理","大人","ノーベル物理学賞全解説"
"ついに見つかるビッグバンの痕跡！ノーベル物理学賞全解説④(1961~1980)","2019-11-23T19:57:42.000Z","https://www.youtube.com/watch?v=N4b7bs9vp8A","00:46:10","物理","大人","ノーベル物理学賞全解説"
"幽霊粒子をついに捉えた人類！ノーベル物理学賞全解説⑤(1981~2000)","2019-11-23T20:25:31.000Z","https://www.youtube.com/watch?v=jnwgExcxkRY","00:34:00","物理","大人","ノーベル物理学賞全解説"
"正しかった100年越しの予言！ノーベル物理学賞解説⑥(2001~2019)","2019-12-07T18:02:00.000Z","https://www.youtube.com/watch?v=T9JoFxo45ZA","00:42:36","物理","大人","ノーベル物理学賞全解説"
"レーザー冷却の原理(ドップラー冷却法)【物性物理】","2019-09-23T11:37:03.000Z","https://www.youtube.com/watch?v=kBEwOVH4PBU","00:10:01","物理","大人","物性物理"
"電気伝導の古典論(ドルーデ模型)","2019-10-23T14:57:25.000Z","https://www.youtube.com/watch?v=qp0KFIth4Qw","00:12:25","物理","大人","物性物理"
"グラフ理論①(一筆書きの定理)","2019-09-07T11:57:31.000Z","https://www.youtube.com/watch?v=PFcuUpBwgtE","00:23:28","数学","大人","離散数学"
"グラフ理論②(オイラーの多面体定理)","2019-09-07T11:58:00.000Z","https://www.youtube.com/watch?v=8ko9EAVeg4U","00:27:33","数学","大人","離散数学"
"グラフ理論③(グラフの彩色問題)","2019-09-18T11:52:51.000Z","https://www.youtube.com/watch?v=Tsy9Y8DgIZY","00:32:19","数学","大人","離散数学"
"グラフ理論④(パーティ問題)","2019-09-11T05:30:30.000Z","https://www.youtube.com/watch?v=1UeJEw5N06w","00:15:10","数学","大人","離散数学"
"グラフ理論⑤(ダイクストラのアルゴリズム)","2019-09-17T05:49:33.000Z","https://www.youtube.com/watch?v=X1AsMlJdiok","00:15:08","数学","大人","離散数学"
"グラフ理論⑥(ホールの結婚定理)","2019-12-13T16:55:01.000Z","https://www.youtube.com/watch?v=-W7QTRk0Yic","00:15:34","数学","大人","離散数学"
"物理で生物を考えるwith情報理論【学術対談】","2019-03-21T06:08:14.000Z","https://www.youtube.com/watch?v=fTMOwXPlXKg","00:12:10","物理","大人","学術対談"
"幾何学が物理学に教えてくれること【学術対談】","2019-03-23T08:24:59.000Z","https://www.youtube.com/watch?v=tEBKxx9bcNQ","00:14:40","物理","大人","学術対談"
"電子を愛してやまない男に物性実験の魅力を聞いてみた【学術対談】","2019-03-30T16:25:22.000Z","https://www.youtube.com/watch?v=LxHBQiY-XbQ","00:14:13","物理","大人","学術対談"
"光を当てて電子をみる【学術対談】","2019-04-28T10:33:36.000Z","https://www.youtube.com/watch?v=FKvXpuNHU14","00:16:42","物理","大人","学術対談"
"26歳の東北大助教に聞く！物理の興味の変遷【学術対談】","2019-05-11T05:22:40.000Z","https://www.youtube.com/watch?v=jTB-_bxv8ps","00:15:22","物理","大人","学術対談"
"非線形なのに解ける？【学術対談】","2019-08-02T05:17:01.000Z","https://www.youtube.com/watch?v=UNKg96RLDFg","00:12:16","数学","大人","学術対談"
"数学だらけの物理の世界！離散可積分系について聞いてみた【学術対談】","2019-09-24T23:46:48.000Z","https://www.youtube.com/watch?v=PeUMTrnNRsM","00:13:32","数学","大人","学術対談"
"数学者、偏微分方程式を語る【学術対談】","2019-10-12T03:43:52.000Z","https://www.youtube.com/watch?v=esXNiukF8OM","00:13:10","数学","大人","学術対談"
"超越数って何だろう？","2018-12-27T14:43:34.000Z","https://www.youtube.com/watch?v=ucIFer-8Z0k","00:09:43","数学","大人","数学(その他)"
"eが超越数であることの証明","2018-12-27T14:43:34.000Z","https://www.youtube.com/watch?v=_DJfeP0cmI8","00:34:07","数学","大人","数学(その他)"
"3×3の魔方陣が1種類しか存在しないことの証明","2018-12-27T14:43:34.000Z","https://www.youtube.com/watch?v=1_pfASO7eWA","00:13:57","数学","大人","数学(その他)"
"面積最大が正三角形であることの証明","2019-04-11T19:31:25.000Z","https://www.youtube.com/watch?v=3HWXyv0thOw","00:14:30","数学","大人","数学(その他)"
"アルキメデスの螺旋(極座標における曲線の長さ)","2019-05-03T17:47:22.000Z","https://www.youtube.com/watch?v=SrPng-C0zwE","00:13:42","数学","大人","数学(その他)"
"全受験生が理解するべき！偏差値とは何か","2019-05-16T19:41:16.000Z","https://www.youtube.com/watch?v=Xt7VN0xCbt8","00:18:34","数学","大人","数学(その他)"
"3次方程式の解の公式(カルダノの公式)","2019-06-04T16:37:09.000Z","https://www.youtube.com/watch?v=d_fyW_fTbTk","00:22:52","数学","大人","数学(その他)"
"1+1=2の証明が難しいって本当？(ペアノの公理)","2019-07-14T17:08:16.000Z","https://www.youtube.com/watch?v=6XUNqeiJmrg","00:18:43","数学","大人","数学(その他)"
"双子素数は無限に存在するか？","2019-07-20T08:29:50.000Z","https://www.youtube.com/watch?v=9sbQEdFds34","00:11:27","数学","大人","数学(その他)"
"蝉と素数の関係【素数ゼミ】","2019-08-09T17:35:57.000Z","https://www.youtube.com/watch?v=6axMxUS-qgQ","00:12:53","数学","大人","数学(その他)"
"発散する点があったら諦める？(広義積分への招待)","2019-09-23T15:54:24.000Z","https://www.youtube.com/watch?v=jNDyKLJsZfY","00:07:17","数学","大人","数学(その他)"
"行列指数関数への招待","2019-10-01T12:34:12.000Z","https://www.youtube.com/watch?v=utSsCamAMmk","00:12:48","数学","大人","数学(その他)"
"オイラーの等式はなぜ美しいのか？","2019-10-22T15:25:15.000Z","https://www.youtube.com/watch?v=rYf8I-D-oo0","00:11:07","数学","大人","数学(その他)"
"コーシーの関数方程式/Cauchy's functional equation","2020-01-07T17:55:50.000Z","https://www.youtube.com/watch?v=8o7zGW-OyGE","00:24:28","数学","大人","数学(その他)"
"abc予想の主張を理解する","2020-04-24T09:16:12.000Z","https://www.youtube.com/watch?v=PIUCfN08p8M","00:22:45","数学","大人","数学(その他)"
"今週の積分#1【難易度★★】","2018-12-02T16:28:40.000Z","https://www.youtube.com/watch?v=vm7LcyupMs0","00:06:51","数学","大人","今週の積分"
"今週の積分#2【難易度★★】","2018-12-03T00:37:35.000Z","https://www.youtube.com/watch?v=cORrgWIjr9g","00:09:55","数学","大人","今週の積分"
"今週の積分#3【難易度★★★★】","2018-12-11T14:55:35.000Z","https://www.youtube.com/watch?v=GJKxttevVWg","00:11:05","数学","大人","今週の積分"
"今週の積分#4【難易度★】","2018-12-19T00:41:30.000Z","https://www.youtube.com/watch?v=duS2oHnKY5A","00:06:38","数学","大人","今週の積分"
"今週の積分#5【難易度★★★】","2018-12-24T00:31:10.000Z","https://www.youtube.com/watch?v=Jdyl8l4WD3c","00:08:34","数学","大人","今週の積分"
"今週の積分#6【難易度★★★★】","2018-12-31T06:54:42.000Z","https://www.youtube.com/watch?v=_D0DNmmNGB4","00:13:59","数学","大人","今週の積分"
"今週の積分#7【難易度★★】","2019-01-25T11:55:06.000Z","https://www.youtube.com/watch?v=K5uN-nlDRDk","00:07:27","数学","大人","今週の積分"
"今週の積分#8【難易度★★】","2019-01-14T16:21:02.000Z","https://www.youtube.com/watch?v=qcgQ4Ns-8ns","00:07:43","数学","大人","今週の積分"
"今週の積分#9【難易度★★】","2019-01-21T10:01:54.000Z","https://www.youtube.com/watch?v=NwAkTeXq4xA","00:08:37","数学","大人","今週の積分"
"今週の積分#10【難易度★★★】","2019-01-27T23:25:08.000Z","https://www.youtube.com/watch?v=YGbuDXXa6dk","00:10:17","数学","大人","今週の積分"
"今週の積分#11【難易度★★】","2019-02-04T02:23:13.000Z","https://www.youtube.com/watch?v=MPoJJBuaue0","00:07:19","数学","大人","今週の積分"
"今週の積分#12【難易度★★】","2019-02-11T11:13:54.000Z","https://www.youtube.com/watch?v=7ThUG6oHXNY","00:06:25","数学","大人","今週の積分"
"今週の積分#13【難易度★★★★】","2019-02-17T23:28:37.000Z","https://www.youtube.com/watch?v=J68nbrjuib4","00:11:58","数学","大人","今週の積分"
"今週の積分#14【難易度★★★★★】","2019-02-25T14:58:11.000Z","https://www.youtube.com/watch?v=26EXOUgtgOg","00:11:41","数学","大人","今週の積分"
"今週の積分#15【難易度★★】","2019-03-04T11:33:51.000Z","https://www.youtube.com/watch?v=-rE1TzUbWR0","00:05:28","数学","大人","今週の積分"
"今週の積分#16【難易度★】","2019-03-11T00:02:30.000Z","https://www.youtube.com/watch?v=svLK-c2HAKU","00:06:38","数学","大人","今週の積分"
"今週の積分#17【難易度★★】","2019-03-18T00:31:48.000Z","https://www.youtube.com/watch?v=UJv9-EmFnUU","00:09:10","数学","大人","今週の積分"
"今週の積分#18【難易度★★】","2019-03-24T04:05:00.000Z","https://www.youtube.com/watch?v=8EdkdPTl4K0","00:08:33","数学","大人","今週の積分"
"今週の積分#19【難易度★】","2019-03-31T18:28:53.000Z","https://www.youtube.com/watch?v=OhjwhgRUmZg","00:07:01","数学","大人","今週の積分"
"今週の積分#20【難易度★★★】","2019-04-07T17:06:48.000Z","https://www.youtube.com/watch?v=DK5Y3_VStpM","00:08:16","数学","大人","今週の積分"
"今週の積分#21【難易度★★★】","2019-04-10T06:19:41.000Z","https://www.youtube.com/watch?v=3QuOrb7y9xY","00:08:07","数学","大人","今週の積分"
"今週の積分#22【難易度★★★★★】","2019-04-20T19:10:17.000Z","https://www.youtube.com/watch?v=bwNJ8mVhlF4","00:10:41","数学","大人","今週の積分"
"今週の積分#23【難易度★★★】","2019-04-28T11:28:12.000Z","https://www.youtube.com/watch?v=Wcvc2tNCf5I","00:06:05","数学","大人","今週の積分"
"今週の積分#24【難易度★★】","2019-05-05T08:20:19.000Z","https://www.youtube.com/watch?v=A-rzWwTXhZw","00:05:14","数学","大人","今週の積分"
"今週の積分#25【難易度★★★★】","2019-05-13T03:45:20.000Z","https://www.youtube.com/watch?v=hTP0e0we6QQ","00:06:29","数学","大人","今週の積分"
"今週の積分#26【難易度★★★】","2019-05-19T16:21:51.000Z","https://www.youtube.com/watch?v=8M-lpX8eeDg","00:08:07","数学","大人","今週の積分"
"今週の積分#27【難易度★★★】","2019-05-26T19:55:54.000Z","https://www.youtube.com/watch?v=cX7yhN7sXa8","00:06:43","数学","大人","今週の積分"
"今週の積分#28【難易度★★★★★】","2019-06-03T09:55:56.000Z","https://www.youtube.com/watch?v=YkbuXTr4w_Y","00:18:40","数学","大人","今週の積分"
"今週の積分#29【難易度★★】","2019-06-09T11:12:27.000Z","https://www.youtube.com/watch?v=MiDsoc19v3c","00:06:40","数学","大人","今週の積分"
"今週の積分#30【難易度★★★】","2019-06-16T15:25:23.000Z","https://www.youtube.com/watch?v=gDcqOTdqEd4","00:05:11","数学","大人","今週の積分"
"今週の積分#31【難易度★★★★★】","2019-06-29T19:10:01.000Z","https://www.youtube.com/watch?v=NZ1lPPmx89k","00:09:39","数学","大人","今週の積分"
"今週の積分#32【難易度★★】","2019-07-07T08:04:35.000Z","https://www.youtube.com/watch?v=s8XM-hd9wso","00:08:39","数学","大人","今週の積分"
"今週の積分#33【難易度★★★】","2019-07-14T16:49:27.000Z","https://www.youtube.com/watch?v=dWqp40UfP2o","00:07:52","数学","大人","今週の積分"
"今週の積分#34【難易度★★★】","2019-07-21T18:06:26.000Z","https://www.youtube.com/watch?v=nt-_BIbU0bA","00:12:50","数学","大人","今週の積分"
"今週の積分#35【難易度★★】","2019-08-04T13:27:29.000Z","https://www.youtube.com/watch?v=JgXNlWM2XVc","00:08:59","数学","大人","今週の積分"
"今週の積分#36【難易度★】","2019-08-13T08:56:01.000Z","https://www.youtube.com/watch?v=PComPe7Sdc8","00:06:24","数学","大人","今週の積分"
"今週の積分#37【難易度★★】","2019-08-18T12:54:28.000Z","https://www.youtube.com/watch?v=VoskvNUId8M","00:06:13","数学","大人","今週の積分"
"今週の積分#38【難易度★★★★★】","2019-08-29T17:57:20.000Z","https://www.youtube.com/watch?v=_Cx6pncAJv4","00:13:50","数学","大人","今週の積分"
"今週の積分#39【難易度★】","2019-08-29T17:57:36.000Z","https://www.youtube.com/watch?v=4yjUDxOvUSM","00:03:56","数学","大人","今週の積分"
"今週の積分#40【難易度★★】","2019-09-15T13:31:37.000Z","https://www.youtube.com/watch?v=Ob1hxQCtMAU","00:05:22","数学","大人","今週の積分"
"今週の積分#41【難易度★★】","2019-09-19T16:54:30.000Z","https://www.youtube.com/watch?v=7SxMtZPw8Fg","00:05:47","数学","大人","今週の積分"
"今週の積分#42【難易度★★★★】","2019-09-28T15:52:14.000Z","https://www.youtube.com/watch?v=TLzFtiZOx6I","00:17:06","数学","大人","今週の積分"
"今週の積分#43【難易度★★★★★】","2019-10-01T10:58:16.000Z","https://www.youtube.com/watch?v=lLhsvW8VqQ0","00:15:27","数学","大人","今週の積分"
"今週の積分#44【難易度★★】","2019-10-10T14:23:21.000Z","https://www.youtube.com/watch?v=Id_Uw_8Z-wc","00:06:58","数学","大人","今週の積分"
"今週の積分#45【難易度★★★】","2019-10-10T14:28:12.000Z","https://www.youtube.com/watch?v=tJYYvbCeKoU","00:04:30","数学","大人","今週の積分"
"今週の積分#46【難易度★★★】","2019-10-26T15:57:54.000Z","https://www.youtube.com/watch?v=0QsYX2cZg08","00:06:38","数学","大人","今週の積分"
"今週の積分#47【難易度★★】","2019-11-03T17:23:42.000Z","https://www.youtube.com/watch?v=fBMb0QVuCQA","00:05:53","数学","大人","今週の積分"
"今週の積分#48【難易度★★★★】","2019-11-09T07:42:07.000Z","https://www.youtube.com/watch?v=118wa4wK9jw","00:10:24","数学","大人","今週の積分"
"今週の積分#49【難易度★★】","2019-11-16T19:41:52.000Z","https://www.youtube.com/watch?v=SJpLQh9AgDk","00:07:26","数学","大人","今週の積分"
"今週の積分#50【難易度★★★】","2019-11-24T08:26:56.000Z","https://www.youtube.com/watch?v=S8udRzIvOS8","00:04:20","数学","大人","今週の積分"
"今週の積分#51【難易度★★★】","2019-11-30T14:15:31.000Z","https://www.youtube.com/watch?v=CYQ3mf-OLzQ","00:08:35","数学","大人","今週の積分"
"今週の積分#52【難易度★★★★】","2019-12-07T19:11:03.000Z","https://www.youtube.com/watch?v=BHju4nnkkW4","00:09:56","数学","大人","今週の積分"
"今週の積分#53【難易度★】","2019-12-15T16:39:02.000Z","https://www.youtube.com/watch?v=HXmrBkqDLzY","00:07:00","数学","大人","今週の積分"
"今週の積分#54【難易度★★★★★】","2019-12-28T15:58:43.000Z","https://www.youtube.com/watch?v=LoAnnDj4JkM","00:15:37","数学","大人","今週の積分"
"今週の積分#55【難易度★★★】","2020-01-05T07:33:56.000Z","https://www.youtube.com/watch?v=y__68_GyD0g","00:04:35","数学","大人","今週の積分"
"今週の積分#56【難易度★★★】","2020-01-13T02:10:41.000Z","https://www.youtube.com/watch?v=6FqkQgNfIC4","00:08:42","数学","大人","今週の積分"
"今週の積分#57【難易度★★】","2020-01-18T16:52:56.000Z","https://www.youtube.com/watch?v=SQHOY5z5iyk","00:07:32","数学","大人","今週の積分"
"今週の積分#58【難易度★★★】","2020-01-18T16:53:46.000Z","https://www.youtube.com/watch?v=0gBt_vaXuOQ","00:08:42","数学","大人","今週の積分"
"今週の積分#59【難易度★★★】","2020-01-18T16:54:17.000Z","https://www.youtube.com/watch?v=9qZCiLScHho","00:06:39","数学","大人","今週の積分"
"今週の積分#60【難易度★★★】","2020-02-09T19:01:21.000Z","https://www.youtube.com/watch?v=ICdosy8T744","00:13:02","数学","大人","今週の積分"
"今週の積分#61【難易度★★】","2020-02-17T01:12:52.000Z","https://www.youtube.com/watch?v=KJNePK-t--E","00:07:40","数学","大人","今週の積分"
"今週の積分#62【難易度★】","2020-02-24T00:47:17.000Z","https://www.youtube.com/watch?v=PuoWaYvpujU","00:03:30","数学","大人","今週の積分"
"今週の積分#63【難易度★★】","2020-03-02T03:31:19.000Z","https://www.youtube.com/watch?v=p5wpEw7Powo","00:07:41","数学","大人","今週の積分"
"今週の積分#64【難易度★★】","2020-03-08T17:25:52.000Z","https://www.youtube.com/watch?v=dt9k2EvCR4Y","00:04:59","数学","大人","今週の積分"
"今週の積分#65【難易度★★★★】","2020-03-15T10:36:11.000Z","https://www.youtube.com/watch?v=efqQCaGMVRE","00:11:13","数学","大人","今週の積分"
"今週の積分#66【難易度★★★】","2020-03-21T16:13:52.000Z","https://www.youtube.com/watch?v=p8BQOJunuZE","00:07:41","数学","大人","今週の積分"
"今週の積分#67【難易度★★★★★】","2020-04-19T08:44:41.000Z","https://www.youtube.com/watch?v=OMPQsuW68s8","00:11:45","数学","大人","今週の積分"
"今週の積分#68【難易度★★★】","2020-04-25T08:36:09.000Z","https://www.youtube.com/watch?v=kBJAtB31Jcw","00:10:54","数学","大人","今週の積分"
"今週の積分#69【難易度★★★★】","2020-05-02T11:23:32.000Z","https://www.youtube.com/watch?v=PEDEjqrRHq4","00:07:41","数学","大人","今週の積分"
"気体分子運動論","2018-09-18T06:18:42Z","https://www.youtube.com/watch?v=jiifZNNr3XE","00:25:06","物理","高校生","高校物理"
"水圧と浮力①(圧力と水圧)/全2講","2018-10-27T10:32:12Z","https://www.youtube.com/watch?v=Jg1F8NbI84k","00:19:36","物理","高校生","高校物理"
"水圧と浮力②(浮力)/全2講","2018-11-07T08:23:10Z","https://www.youtube.com/watch?v=JAlQHeXXLtc","00:14:41","物理","高校生","高校物理"
"レンズ①(凸レンズ、凹レンズの性質)","2018-09-18T06:18:42Z","https://www.youtube.com/watch?v=zNIbk5nQPsk","00:21:53","物理","高校生","高校物理"
"レンズ②(レンズの公式)","2018-09-18T06:18:42Z","https://www.youtube.com/watch?v=R3ipOvwmY0M","00:21:09","物理","高校生","高校物理"
"うなり①(基本編)","2019-06-13T13:31:51Z","https://www.youtube.com/watch?v=krVkvuCsy5E","00:20:39","物理","高校生","高校物理"
"うなり②(発展編)","2019-07-14T17:01:47Z","https://www.youtube.com/watch?v=cWlE5mUYr_I","00:13:10","物理","高校生","高校物理"
"ドップラー効果①(音源が動く場合)/全4講","2019-08-02T15:32:43Z","https://www.youtube.com/watch?v=GsiSZzpElSQ","00:29:32","物理","高校生","高校物理"
"ドップラー効果②(観測者が動く場合)/全4講","2019-10-01T11:29:26Z","https://www.youtube.com/watch?v=7Ii6Q97pkR8","00:17:09","物理","高校生","高校物理"
"ドップラー効果③(風、反射板)/全4講","2019-10-26T05:50:24Z","https://www.youtube.com/watch?v=QakzbO6JeOs","00:11:57","物理","高校生","高校物理"
"ドップラー効果④(斜めドップラー)/全4講","2019-10-12T11:49:45Z","https://www.youtube.com/watch?v=Ljaz6XKXeUg","00:18:32","物理","高校生","高校物理"
"レンズ③(球面鏡：凹面鏡)","2019-11-16T06:10:23Z","https://www.youtube.com/watch?v=6KH403yr7vE","00:23:49","物理","高校生","高校物理"
"レンズ④(凸面鏡)","2019-12-11T18:07:49Z","https://www.youtube.com/watch?v=61MRf1h0_qQ","00:11:54","物理","高校生","高校物理"
"あれもこれも距離の二乗に反比例！理由は○○性にあり！","2019-12-20T14:53:44Z","https://www.youtube.com/watch?v=X4SNMOMM8PI","00:15:16","物理","高校生","高校物理"
"置換積分の本質","2018-09-18T06:16:36.000Z","https://www.youtube.com/watch?v=v4qUClQ4zfI","00:14:36","数学","高校生","高校数学"
"バウムクーヘン積分","2018-09-18T06:16:36.000Z","https://www.youtube.com/watch?v=9pdcGHP7wIA","00:18:32","数学","高校生","高校数学"
"パップスギュルダンの定理","2018-10-06T04:36:31.000Z","https://www.youtube.com/watch?v=y7fWPLdINpI","00:14:14","数学","高校生","高校数学"
"面積最大が正三角形であることの証明","2019-04-10T06:28:32.000Z","https://www.youtube.com/watch?v=3HWXyv0thOw","00:14:30","数学","高校生","高校数学"
"合同式①(modとは何か)","2019-05-27T05:46:52.000Z","https://www.youtube.com/watch?v=6COGmURbrAw","00:17:36","数学","高校生","高校数学"
"合同式②(modの利用)","2019-05-27T05:47:07.000Z","https://www.youtube.com/watch?v=oWKwtwNkvRI","00:17:24","数学","高校生","高校数学"
"3次方程式の解の公式(カルダノの公式)","2019-06-04T16:37:08.000Z","https://www.youtube.com/watch?v=d_fyW_fTbTk","00:22:52","数学","高校生","高校数学"
"一度聞いたら忘れない余弦定理の授業","2019-06-22T05:22:46.000Z","https://www.youtube.com/watch?v=2kZNmm4AG7I","00:10:22","数学","高校生","高校数学"
"一度聞いたら忘れない漸化式の授業","2019-08-14T09:59:04.000Z","https://www.youtube.com/watch?v=ogiogJgDCnc","00:07:50","数学","高校生","高校数学"
"t=tan(x/2)の置換","2019-08-25T07:20:14.000Z","https://www.youtube.com/watch?v=g1-opbcoqIo","00:09:57","数学","高校生","高校数学"
"「相加相乗平均の関係」を視覚的に理解する！","2019-10-26T16:48:52.000Z","https://www.youtube.com/watch?v=bzkmtsC1cuE","00:06:15","数学","高校生","高校数学"
"全解法理由付き！入試に出る漸化式基本形全パターン解説【高校数学】","2019-12-05T19:59:28.000Z","https://www.youtube.com/watch?v=FNMnLJwWiso","01:17:31","数学","高校生","高校数学"
"チェバの定理とメネラウスの定理の本質","2019-12-20T14:52:44.000Z","https://www.youtube.com/watch?v=wCDYl2rNXts","00:15:26","数学","高校生","高校数学"
"余弦定理を通して数学の考え方を学ぶ授業","2019-12-26T16:41:14.000Z","https://www.youtube.com/watch?v=PP8rmd07mTc","00:09:13","数学","高校生","高校数学"
"一度聞いたら忘れない1/6公式の授業【積分公式の感覚的理解】","2020-01-05T03:51:28.000Z","https://www.youtube.com/watch?v=-Mh26tY9wX0","00:14:31","数学","高校生","高校数学"
"King Propertyの使い方と図形的意味","2020-04-17T18:45:43.000Z","https://www.youtube.com/watch?v=xIvYvac4Ok8","00:22:55","数学","高校生","高校数学"
"化学の勉強法(最強ノートの作り方)","2018-11-09T16:45:18.000Z","https://www.youtube.com/watch?v=k9Db0EkWbj4","00:07:37","化学","高校生","高校化学"
"モル計算の基本","2018-09-18T06:15:02.000Z","https://www.youtube.com/watch?v=k383VRQLLt8","00:15:48","数学","高校生","高校化学"
"濃度計算①(いろいろな濃度)","2018-09-18T06:15:02.000Z","https://www.youtube.com/watch?v=-TAMIALQeyM","00:11:52","数学","高校生","高校化学"
"濃度計算②(濃度の変換)","2018-09-18T06:15:02.000Z","https://www.youtube.com/watch?v=HkONrjYKwk0","00:10:39","数学","高校生","高校化学"
"濃度計算③(希釈)","2018-09-18T06:15:02.000Z","https://www.youtube.com/watch?v=APLjBY0P7kc","00:13:47","数学","高校生","高校化学"
"結晶格子①(分類と性質)","2018-09-18T06:15:02.000Z","https://www.youtube.com/watch?v=IASWZnYrS2o","00:12:05","化学","高校生","高校化学"
"結晶格子②(金属結晶：体心立方格子、面心立方格子)","2018-09-18T06:15:02.000Z","https://www.youtube.com/watch?v=3pzE3DT4tz0","00:18:12","化学","高校生","高校化学"
"結晶格子③(金属結晶：六方最密構造)","2018-09-25T03:44:37.000Z","https://www.youtube.com/watch?v=MsT0T83DDBc","00:23:22","化学","高校生","高校化学"
"結晶格子④(イオン結晶：NaCl型、CsCl型)","2018-10-21T10:03:20.000Z","https://www.youtube.com/watch?v=xjYItDA2-tY","00:13:51","化学","高校生","高校化学"
"結晶格子⑤(イオン結晶：限界半径比)","2019-02-09T11:35:40.000Z","https://www.youtube.com/watch?v=9zZjnnjpPrQ","00:17:40","化学","高校生","高校化学"
"結晶格子⑥(共有結晶：ダイヤモンド型)","2019-07-20T05:55:57.000Z","https://www.youtube.com/watch?v=yXPjklFSLK0","00:14:51","化学","高校生","高校化学"
"結晶格子⑦(イオン結晶：CaF2型、ZnS型)","2019-07-20T06:16:07.000Z","https://www.youtube.com/watch?v=kc9GXHyIbqA","00:17:19","化学","高校生","高校化学"
"固体の溶解度①(定義と解法)","2018-09-18T06:15:02.000Z","https://www.youtube.com/watch?v=314a7hoQdPo","00:17:50","化学","高校生","高校化学"
"固体の溶解度②(水和物の析出)","2018-09-18T06:15:02.000Z","https://www.youtube.com/watch?v=FQ1FuWdub4E","00:13:38","化学","高校生","高校化学"
"気体の溶解度(ヘンリーの法則)","2018-12-02T07:26:20.000Z","https://www.youtube.com/watch?v=2TAABRvgG-4","00:21:10","化学","高校生","高校化学"
"熱化学方程式①(反応熱)","2018-12-23T09:52:19.000Z","https://www.youtube.com/watch?v=JGchRDix1b8","00:29:14","化学","高校生","高校化学"
"熱化学方程式②(状態変化に伴う熱)","2019-03-30T14:55:19.000Z","https://www.youtube.com/watch?v=-LlVkxqPho8","00:24:16","化学","高校生","高校化学"
"コロイド①(分類)/全2回","2018-09-29T17:04:59.000Z","https://www.youtube.com/watch?v=2a8EupcG0Es","00:19:33","化学","高校生","高校化学"
"コロイド②(性質)/全2回","2018-10-13T21:50:15.000Z","https://www.youtube.com/watch?v=ln59ooMss_Q","00:21:13","化学","高校生","高校化学"
"無機化学の色まとめ","2019-01-03T05:41:15.000Z","https://www.youtube.com/watch?v=n-rImXf_w40","00:23:07","化学","高校生","高校化学"
"量子力学入門①(量子の特徴)","2018-06-06T02:43:51Z","https://www.youtube.com/watch?v=zlVnhTD7qMQ","00:16:41","物理","大人","量子力学"
"量子力学入門②(シュレーディンガー方程式)","2018-06-07T16:19:22Z","https://www.youtube.com/watch?v=LFj4-MyPNjw","00:12:34","物理","大人","量子力学"
"量子力学入門③(定常状態)","2018-07-09T11:46:02Z","https://www.youtube.com/watch?v=_gji66Vrti8","00:16:27","物理","大人","量子力学"
"量子力学入門④(無限に深い井戸型ポテンシャル)","2018-08-07T09:13:32Z","https://www.youtube.com/watch?v=-ZcbYd-3bKY","00:22:02","物理","大人","量子力学"
"量子力学入門⑤(一般的性質)","2018-08-29T16:11:00Z","https://www.youtube.com/watch?v=letXy-YEX-8","00:13:11","物理","大人","量子力学"
"量子力学入門⑥(有限の深さの井戸型ポテンシャル)","2018-09-17T11:00:31Z","https://www.youtube.com/watch?v=cJ4KJcETsCQ","00:24:04","物理","大人","量子力学"
"量子力学入門⑦(トンネル効果)","2018-12-23T14:14:12Z","https://www.youtube.com/watch?v=bfxgtbsKSuM","00:29:29","物理","大人","量子力学"
"量子力学入門⑧(物理量の測定)","2019-04-15T17:26:52Z","https://www.youtube.com/watch?v=1xl-taCzFM8","00:39:14","物理","大人","量子力学"
"量子力学入門⑨(エルミート演算子)","2019-05-23T17:38:44Z","https://www.youtube.com/watch?v=L_w-LAvY1Rs","00:22:21","物理","大人","量子力学"
"量子力学入門⑩(物理量の期待値)","2019-06-18T17:04:30Z","https://www.youtube.com/watch?v=jzeS7YP-ZAI","00:18:33","物理","大人","量子力学"
"量子力学ファボゼロの語りまとめ【祝！量子力学入門完結】","2019-07-07T07:43:40Z","https://www.youtube.com/watch?v=tzVpEErI8wc","00:04:22","物理","大人","量子力学"
"力学入門①(はじめに)","2019-03-21T06:07:49Z","https://www.youtube.com/watch?v=szhJik4HIXQ","00:19:34","物理","大人","力学"
"力学入門②(位置・速度・加速度)","2019-03-06T10:15:19Z","https://www.youtube.com/watch?v=MoyfqNHoO4E","00:31:39","物理","大人","力学"
"力学入門③(運動方程式)","2019-03-13T09:35:06Z","https://www.youtube.com/watch?v=iAANt7xIGhg","00:31:39","物理","大人","力学"
"力学入門④(空気抵抗、単振動)","2019-03-20T09:08:08Z","https://www.youtube.com/watch?v=zG6PBgTjJW8","00:28:49","物理","大人","力学"
"力学入門⑤(極座標における運動)","2019-04-10T04:52:59Z","https://www.youtube.com/watch?v=LQFV9xyngvg","00:32:26","物理","大人","力学"
"力学入門⑥(等速円運動、単振り子)","2019-04-23T17:28:52Z","https://www.youtube.com/watch?v=NbRARbMvOeo","00:23:07","物理","大人","力学"
"力学入門⑦(運動量保存則)","2019-05-05T08:39:15Z","https://www.youtube.com/watch?v=UHmmM9_AKo4","00:21:26","物理","大人","力学"
"力学入門⑧(エネルギー保存則)","2019-06-12T09:12:05Z","https://www.youtube.com/watch?v=5elBF-NoB8U","00:27:44","物理","大人","力学"
"力学入門⑨(保存力)","2019-06-29T18:50:00Z","https://www.youtube.com/watch?v=BOQZuR8Y6e0","00:32:17","物理","大人","力学"
"力学入門⑩(減衰振動)","2019-10-28T14:39:43Z","https://www.youtube.com/watch?v=uLkvOvw57Ms","00:28:57","物理","大人","力学"
"力学入門⑪(強制振動)","2019-11-09T12:58:29Z","https://www.youtube.com/watch?v=ibVxnc0jzn4","00:17:34","物理","大人","力学"
"力学入門⑫(角運動量保存則)","2020-01-18T07:39:35Z","https://www.youtube.com/watch?v=Qc3k3HvZku8","00:32:07","物理","大人","力学"
"力学入門⑬(慣性力)","2020-02-12T06:30:47Z","https://www.youtube.com/watch?v=rXpI7w2qn_g","00:26:37","物理","大人","力学"
"力学入門⑭(コリオリ力)","2020-02-24T07:30:20Z","https://www.youtube.com/watch?v=S2RtAI6fRIM","00:30:54","物理","大人","力学"
"力学入門⑮(2粒子系の運動)","2020-02-29T15:39:55Z","https://www.youtube.com/watch?v=u3UN6O7RSoE","00:58:49","物理","大人","力学"
"剛体の力学入門①(特徴と魅力)/全6回","2018-03-15T09:15:23Z","https://www.youtube.com/watch?v=BeIMUUUMpgQ","00:08:08","物理","大人","力学"
"剛体の力学入門②(重心の運動)/全6回","2018-03-15T09:15:23Z","https://www.youtube.com/watch?v=XenLTzutgOc","00:08:30","物理","大人","力学"
"剛体の力学入門③(回転運動)/全6回","2018-04-15T14:01:05Z","https://www.youtube.com/watch?v=Ns61aB7JkaE","00:16:44","物理","大人","力学"
"剛体の力学入門④(慣性モーメントの定義)/全6回","2018-04-22T14:21:13Z","https://www.youtube.com/watch?v=IkX1PzULBLQ","00:09:24","物理","大人","力学"
"剛体の力学入門⑤(慣性モーメントの性質)/全6回","2018-05-27T14:50:00Z","https://www.youtube.com/watch?v=QLz0OtdOGU8","00:11:34","物理","大人","力学"
"剛体の力学入門⑥(力学的エネルギー)/全6回","2018-05-28T12:26:42Z","https://www.youtube.com/watch?v=RNqr0g_IyB4","00:10:20","物理","大人","力学"
"振り子の等時性は正しいのか？現れる第1種完全楕円積分","2019-11-23T10:09:21Z","https://www.youtube.com/watch?v=n-wpASaO3oE","00:16:49","数学","大人","力学"
"推定・検定入門①(母集団と標本)/全9講","2018-09-08T22:48:44.000Z","https://www.youtube.com/watch?v=Bj8fkq533Dc","00:10:42","数学","大人","確率統計"
"推定・検定入門②(点推定)/全9講","2018-09-29T17:05:19.000Z","https://www.youtube.com/watch?v=EVyqa5FwxGc","00:15:56","数学","大人","確率統計"
"推定・検定入門③(区間推定：分散が既知な場合)/全9講","2018-10-13T16:04:26.000Z","https://www.youtube.com/watch?v=n-CNHHCaCi0","00:24:36","数学","大人","確率統計"
"推定・検定入門④(区間推定：分散が未知な場合)/全9講","2018-11-04T05:30:39.000Z","https://www.youtube.com/watch?v=6YfeVshwfrY","00:18:55","数学","大人","確率統計"
"推定・検定入門⑤(区間推定：母集団分布が未知な場合)/全9講","2019-02-20T14:26:52.000Z","https://www.youtube.com/watch?v=qeD0gRs1yc4","00:18:02","数学","大人","確率統計"
"推定・検定入門⑥(母比率の推定)/全9講","2019-05-15T06:25:09.000Z","https://www.youtube.com/watch?v=Xhrx5scFzC8","00:16:31","数学","大人","確率統計"
"推定・検定入門⑦(母分散の推定)/全9講","2019-07-16T16:26:54.000Z","https://www.youtube.com/watch?v=NGNnr35Swmc","00:17:31","数学","大人","確率統計"
"推定・検定入門⑧(母平均の検定)/全9講","2019-07-30T06:23:04.000Z","https://www.youtube.com/watch?v=4ZHcBtLdOQs","00:26:17","数学","大人","確率統計"
"推定・検定入門⑨(ウェルチの検定)/全9講","2019-09-07T13:49:20.000Z","https://www.youtube.com/watch?v=Det2IBRXajc","00:14:43","数学","大人","確率統計"
"最小二乗法(回帰分析)","2018-05-27T14:49:11.000Z","https://www.youtube.com/watch?v=Zz1sgYxrA-k","00:11:26","数学","大人","確率統計"
"チェビシェフの不等式","2018-07-14T13:05:31.000Z","https://www.youtube.com/watch?v=d-ugoDdXWrU","00:17:05","数学","大人","確率統計"
"中心極限定理の気持ち","2018-02-26T18:25:56.000Z","https://www.youtube.com/watch?v=CHOLN1tAJWI","00:07:11","数学","大人","確率統計"
"ベイズの定理","2019-01-10T11:28:22.000Z","https://www.youtube.com/watch?v=oUN_GhB00fU","00:15:55","数学","大人","確率統計"
"ベイジアンネットワーク","2018-02-26T18:25:56.000Z","https://www.youtube.com/watch?v=zYKOL5RpVbo","00:16:08","数学","大人","確率統計"
"ポアソン分布(具体例やその意味、ポアソンの極限定理)","2019-08-29T16:52:00.000Z","https://www.youtube.com/watch?v=1r_tSjZCNzg","00:22:32","数学","大人","確率統計"
"指数分布(具体例やその意味、ポアソン分布との関係)","2019-09-12T07:54:10.000Z","https://www.youtube.com/watch?v=4Y5otbAwGlc","00:24:10","数学","大人","確率統計"
"簡単な計算で物事の終わりの時期を見積もる【ゴットの推定】","2019-12-17T07:00:47.000Z","https://www.youtube.com/watch?v=8cjPClcnv50","00:17:25","数学","大人","確率統計"
"期待値が無限大な賭け(サンクトペテルブルクのパラドックス)","2020-02-13T15:10:20.000Z","https://www.youtube.com/watch?v=B__gzT-rQjw","00:29:35","数学","大人","確率統計"
"教師あり学習と教師なし学習の違い","2020-03-31T14:28:20.000Z","https://www.youtube.com/watch?v=U8uqieKYtY4","00:15:51","数学","大人","確率統計"
"深層学習(ディープラーニング)とは何か","2020-04-15T16:05:52.000Z","https://www.youtube.com/watch?v=s5_Pk3CjhNA","00:19:47","数学","大人","確率統計"
"【1分解説】sin15°の図形的な求め方【数学雑学】","2018-01-22T05:27:39.000Z","https://www.youtube.com/watch?v=iMVChD17bIM","00:00:50","数学","高校生","1分解説"
"【1分解説】光触媒としての酸化チタン(Ⅳ)【受験化学+α】","2018-01-22T05:27:39.000Z","https://www.youtube.com/watch?v=uRMjKD8aRqs","00:00:52","化学","高校生","1分解説"
"【1分解説】定圧変化じゃないのにW=pΔV？【受験物理+α】","2018-01-23T10:27:46.000Z","https://www.youtube.com/watch?v=Xd1zrUDssXc","00:00:45","物理","高校生","1分解説"
"【1分解説】放射性崩壊と微分方程式【受験化学+α】","2018-01-27T10:37:22.000Z","https://www.youtube.com/watch?v=UqPZaP75tt8","00:00:50","数学","高校生","1分解説"
"【1分解説】時代を変えた反応「無機物から有機物へ」(ヴェーラー合成)【受験化学+α】","2018-02-01T17:17:18.000Z","https://www.youtube.com/watch?v=Vq1bIKGdpxc","00:00:58","化学","高校生","1分解説"
"【1分解説】単位の接頭辞(ナノ、メガ、ギガなど)【科学雑学】","2018-02-07T10:39:45.000Z","https://www.youtube.com/watch?v=6xZXUcZqmdo","00:00:58","数学","高校生","1分解説"
"【1分解説】四つの力(基本相互作用)【受験物理+α】","2018-02-13T01:12:54.000Z","https://www.youtube.com/watch?v=zl3RJ9IkBzE","00:00:56","物理","高校生","1分解説"
"【1分解説】飛行機はなぜ飛ぶのか？【物理雑学】","2018-02-18T09:10:48.000Z","https://www.youtube.com/watch?v=rwEf03f63Bw","00:00:56","物理","高校生","1分解説"
"【1分解説】空はなぜ青いのか？【物理雑学】","2018-02-22T02:03:24.000Z","https://www.youtube.com/watch?v=-A7vaqdr2NU","00:01:00","物理","高校生","1分解説"
"【1分解説】夕焼けはなぜ赤いのか？【物理雑学】","2018-03-06T11:07:12.000Z","https://www.youtube.com/watch?v=bchPXhDR8ho","00:00:47","物理","高校生","1分解説"
"【1分解説】虚像はなぜ見える【高校物理+α】","2018-04-24T10:03:00.000Z","https://www.youtube.com/watch?v=fcovX730ulw","00:00:59","物理","高校生","1分解説"
"群がどうしても分からない君へ(群論超入門)","2017-11-20T16:09:10Z","https://www.youtube.com/watch?v=eKg--UMWFZc","00:23:29","数学","大人","代数学"
"はじめに(魔法の計算テクニック)【インド式計算】","2017-11-02T17:28:12.000Z","https://www.youtube.com/watch?v=FJnp_AIiBus","00:07:42","数学","大人","インド式計算"
"十の位が同じで一の位の和が10のかけ算【インド式計算】","2017-11-02T17:28:23.000Z","https://www.youtube.com/watch?v=yzOeR8dVFP0","00:09:18","数学","大人","インド式計算"
"11から19までの数どうしのかけ算【インド式計算】","2017-11-20T16:07:16.000Z","https://www.youtube.com/watch?v=sZ5NARuVFXs","00:07:57","数学","大人","インド式計算"
"2桁の数の三乗【インド式計算】","2017-12-01T16:10:29.000Z","https://www.youtube.com/watch?v=uXoGTRA_RrA","00:13:12","数学","大人","インド式計算"
"一の位が同じで十の位の和が10のかけ算【インド式計算】","2017-12-31T10:47:24.000Z","https://www.youtube.com/watch?v=IW-yoPOz7ds","00:08:31","数学","大人","インド式計算"
"9が連続する数とのかけ算【インド式計算】","2018-02-14T23:34:20.000Z","https://www.youtube.com/watch?v=RcSctGDmNdc","00:08:08","数学","大人","インド式計算"
"11とのかけ算【インド式計算】","2018-05-09T12:04:42.000Z","https://www.youtube.com/watch?v=BiQMkQPkNe4","00:07:38","数学","大人","インド式計算"
"線を描くだけ！万能視覚的かけ算【インド式計算】","2019-11-02T09:00:24.000Z","https://www.youtube.com/watch?v=Sj6Y43D76GA","00:08:14","数学","大人","インド式計算"
"ナビエストークス方程式①(数学的・物理的意味)/全4回","2017-09-23T16:09:12.000Z","https://www.youtube.com/watch?v=MZg0ikSqcvA","00:11:40","数学","大人","流体力学"
"ナビエストークス方程式②(物質微分)/全4回","2017-09-28T11:02:37.000Z","https://www.youtube.com/watch?v=7wuIMKUNZwk","00:11:48","数学","大人","流体力学"
"ナビエストークス方程式③(圧力・外力)/全4回","2017-10-03T11:07:29.000Z","https://www.youtube.com/watch?v=ggDaJD54RkY","00:09:53","物理","大人","流体力学"
"ナビエストークス方程式④(粘性力)/全4回","2017-10-08T15:46:01.000Z","https://www.youtube.com/watch?v=j7GSz9SxkZQ","00:29:18","物理","大人","流体力学"
"ミカエリス・メンテン式","2017-09-01T04:54:47.000Z","https://www.youtube.com/watch?v=As2tJkPpuXY","00:17:27","化学","大人","大学化学&大学生物"
"ルイスの定義","2018-03-15T08:15:20.000Z","https://www.youtube.com/watch?v=H5vsDh1fMYc","00:10:46","化学","大人","大学化学&大学生物"
"物理みたいな生物やろう！システム生物学①(遺伝子制御)","2019-11-18T15:29:30.000Z","https://www.youtube.com/watch?v=p6NM8-PNndY","00:31:30","物理","大人","大学化学&大学生物"
"生体内のフィードバック機構？システム生物学②(負の自己制御)","2019-11-24T11:15:14.000Z","https://www.youtube.com/watch?v=KxD8l69TSbM","00:23:54","化学","大人","大学化学&大学生物"
"なぜ餌のある方へ寄っていける？システム生物学③(大腸菌の走化性)","2019-12-02T10:31:45.000Z","https://www.youtube.com/watch?v=uISQmsn6PNc","00:30:58","化学","大人","大学化学&大学生物"
"ノイズ環境下でも生物はなぜ強い？システム生物学④(動力学的校正)","2019-12-05T17:07:09.000Z","https://www.youtube.com/watch?v=iHJ_VCNRMWI","00:31:48","物理","大人","大学化学&大学生物"
"電子配置の基本(電子軌道、電子スピンなど)","2020-01-09T09:43:13.000Z","https://www.youtube.com/watch?v=I_fTR-0TZ4o","00:16:45","物理","大人","大学化学&大学生物"
"「利己的な遺伝子」とは何か","2020-04-03T09:51:44.000Z","https://www.youtube.com/watch?v=MWCkiNL7AbU","00:31:57","化学","大人","大学化学&大学生物"
"マクスウェル方程式の意味","2017-08-09T19:44:21.000Z","https://www.youtube.com/watch?v=Yjso-2cL5SY","00:12:55","物理","大人","電磁気学"
"div(発散)の意味","2017-08-03T06:55:20.000Z","https://www.youtube.com/watch?v=ZS51xsn7onA","00:15:32","数学","大人","ベクトル解析"
"grad(勾配)の意味","2017-08-06T13:28:21.000Z","https://www.youtube.com/watch?v=p7hEoWv7pp4","00:14:07","数学","大人","ベクトル解析"
"rot(回転)の意味","2018-01-25T16:26:33.000Z","https://www.youtube.com/watch?v=JjdmVjQSKkA","00:11:23","数学","大人","ベクトル解析"
"テイラー展開の気持ち","2017-08-02T17:39:32.000Z","https://www.youtube.com/watch?v=qzd5iXKHkiU","00:17:16","数学","大人","解析学"
"偏微分とは何か","2018-11-14T14:58:35.000Z","https://www.youtube.com/watch?v=UWFTIEIruyc","00:18:31","数学","大人","解析学"
"全微分とは何か","2018-11-28T10:42:08.000Z","https://www.youtube.com/watch?v=ChoArVJnSjQ","00:11:56","数学","大人","解析学"
"ε-δ論法(関数の連続性)","2018-05-06T15:24:02.000Z","https://www.youtube.com/watch?v=t3JPms8Y1l4","00:07:47","数学","大人","解析学"
"ガウス積分の証明","2017-09-09T11:17:15.000Z","https://www.youtube.com/watch?v=TvZpbYRIh48","00:12:22","数学","大人","解析学"
"ガウス積分の類似形","2017-09-12T06:40:12.000Z","https://www.youtube.com/watch?v=u6sBzqF8gWI","00:20:17","数学","大人","解析学"
"双曲線関数とは何か","2017-10-15T13:21:31.000Z","https://www.youtube.com/watch?v=Yvcngy6xtio","00:13:44","数学","大人","解析学"
"逆三角関数とは何か","2018-08-02T16:01:49.000Z","https://www.youtube.com/watch?v=wAwVmQSaiuk","00:14:28","数学","大人","解析学"
"3次元極座標(球座標)","2018-01-21T20:30:49.000Z","https://www.youtube.com/watch?v=5qXMuaWe-HA","00:07:32","数学","大人","解析学"
"立体角(3次元における角度)","2017-12-17T09:54:31.000Z","https://www.youtube.com/watch?v=aNoEzONgIYo","00:14:39","数学","大人","解析学"
"ウォリスの積分公式","2018-02-09T16:53:32.000Z","https://www.youtube.com/watch?v=KtFzNVs2y8k","00:10:06","数学","大人","解析学"
"フーリエ変換の気持ち","2018-04-15T13:59:57.000Z","https://www.youtube.com/watch?v=bjBZEKdlLD0","00:10:02","数学","大人","解析学"
"デルタ関数とは何か","2017-11-20T16:08:19.000Z","https://www.youtube.com/watch?v=ojMth6p1FUA","00:08:56","数学","大人","解析学"
"ライプニッツの公式","2018-10-17T09:03:34.000Z","https://www.youtube.com/watch?v=y03nY420x94","00:08:47","数学","大人","解析学"
"supとinf(上限と下限)","2018-12-20T08:37:30.000Z","https://www.youtube.com/watch?v=pySvmqhB6BY","00:15:51","数学","大人","解析学"
"各点収束と一様収束(関数列の極限)","2019-03-17T17:09:18.000Z","https://www.youtube.com/watch?v=r0V14KCiixU","00:31:05","数学","大人","解析学"
"重積分①(その意味)/全4回","2018-03-28T10:23:49.000Z","https://www.youtube.com/watch?v=eqdsux1il54","00:09:23","数学","大人","解析学"
"重積分②(累次積分法)/全4回","2018-04-15T14:00:16.000Z","https://www.youtube.com/watch?v=20jMCdR7ZL4","00:14:57","数学","大人","解析学"
"重積分③(置換積分法)/全4回","2018-05-16T11:13:51.000Z","https://www.youtube.com/watch?v=qpDZS1bzt-E","00:08:16","数学","大人","解析学"
"重積分④(ヤコビアン)/全4回","2018-06-16T16:39:24.000Z","https://www.youtube.com/watch?v=Iu8jVdkiKTc","00:14:58","数学","大人","解析学"
"ガンマ関数①(定義と性質)","2019-06-26T16:28:24.000Z","https://www.youtube.com/watch?v=K-HwL3N4P5Q","00:17:00","数学","大人","解析学"
"ガンマ関数②(収束性の証明)","2019-05-29T07:07:27.000Z","https://www.youtube.com/watch?v=dy40up4jnc0","00:12:11","数学","大人","解析学"
"ガンマ関数③(n次元球の体積)","2019-06-26T03:40:21.000Z","https://www.youtube.com/watch?v=AEj6MOoAgL4","00:20:51","数学","大人","解析学"
"有理数の稠密性","2019-12-23T07:32:26.000Z","https://www.youtube.com/watch?v=CV-PgDTHISU","00:13:25","数学","大人","解析学"
"コーシーの関数方程式/Cauchy's functional equation","2020-01-07T17:55:51.000Z","https://www.youtube.com/watch?v=8o7zGW-OyGE","00:24:28","数学","大人","解析学"
"ロピタルの定理①(定理と使用例)","2020-01-20T16:48:00.000Z","https://www.youtube.com/watch?v=dRpnR2Q6GPI","00:34:18","数学","大人","解析学"
"ロピタルの定理②(成り立たないケース)","2020-01-20T17:53:05.000Z","https://www.youtube.com/watch?v=Bf5tj9eZQoQ","00:15:28","数学","大人","解析学"
"ロピタルの定理③(ロルの定理)","2020-01-20T17:54:59.000Z","https://www.youtube.com/watch?v=x-BiZXs-Yf8","00:18:20","数学","大人","解析学"
"ロピタルの定理④(平均値の定理)","2020-01-20T18:00:24.000Z","https://www.youtube.com/watch?v=v4RC1RlIRso","00:09:46","数学","大人","解析学"
"ロピタルの定理⑤(コーシーの平均値の定理)","2020-01-20T18:02:18.000Z","https://www.youtube.com/watch?v=4ZC7zMoUKjw","00:12:33","数学","大人","解析学"
"ロピタルの定理⑥(定理の証明)","2020-02-02T09:44:26.000Z","https://www.youtube.com/watch?v=8GxzqKvA1_o","00:32:19","数学","大人","解析学"
"線形代数入門①(概観&ベクトル)","2018-07-20T06:00:19.000Z","https://www.youtube.com/watch?v=svm8hlhF8PA","00:15:12","数学","大人","線形代数"
"線形代数入門②(行列)","2018-07-29T03:38:05.000Z","https://www.youtube.com/watch?v=ltFl0FpLTzQ","00:17:21","数学","大人","線形代数"
"線形代数入門③(一次変換と演算の性質)","2018-09-12T14:47:09.000Z","https://www.youtube.com/watch?v=X2Xy2wnQbXc","00:18:46","数学","大人","線形代数"
"線形代数入門④(一次独立と一次従属)","2018-11-21T15:14:01.000Z","https://www.youtube.com/watch?v=6lKtkf3SNyE","00:13:29","数学","大人","線形代数"
"線形代数入門⑤(連立方程式：掃き出し法)","2018-11-21T11:04:47.000Z","https://www.youtube.com/watch?v=Da73Ra7gWKU","00:18:34","数学","大人","線形代数"
"線形代数入門⑥(連立方程式：不定と不能)","2018-12-06T17:38:09.000Z","https://www.youtube.com/watch?v=SrGvI85h6Mk","00:13:32","数学","大人","線形代数"
"線形代数入門⑦(連立方程式：階数)","2018-12-26T23:17:57.000Z","https://www.youtube.com/watch?v=J_WpopdTjVU","00:20:06","数学","大人","線形代数"
"線形代数入門⑧(行列式：定義と性質)","2019-01-20T16:47:16.000Z","https://www.youtube.com/watch?v=_TGC3rnWxDc","00:20:10","数学","大人","線形代数"
"線形代数入門⑨(行列式：余因子展開)","2019-04-03T07:21:25.000Z","https://www.youtube.com/watch?v=VwZ0EtT_UiI","00:27:23","数学","大人","線形代数"
"線形代数入門⑩(逆行列：定義)","2019-05-01T04:27:49.000Z","https://www.youtube.com/watch?v=FbAKS6OY0k0","00:40:11","数学","大人","線形代数"
"線形代数入門⑪(逆行列：掃き出し法)","2019-07-08T13:48:32.000Z","https://www.youtube.com/watch?v=K9yZYDUHEVQ","00:17:33","数学","大人","線形代数"
"線形代数入門⑫(固有値・固有ベクトル)","2019-10-01T10:40:25.000Z","https://www.youtube.com/watch?v=_TgBFx0jwRQ","00:26:06","数学","大人","線形代数"
"線形代数入門⑬(対角化：重解がない場合)","2019-10-01T10:43:47.000Z","https://www.youtube.com/watch?v=FTC_aekgqCg","00:30:42","数学","大人","線形代数"
"線形代数入門⑭(対角化：重解がある場合)","2019-10-01T10:45:46.000Z","https://www.youtube.com/watch?v=HxkZgaY8uZg","00:12:51","数学","大人","線形代数"
"行列式の求め方(テスト対策)","2017-07-18T13:04:24.000Z","https://www.youtube.com/watch?v=b9LUUrXXYK0","00:26:04","数学","大人","線形代数"
"連立1次方程式の解き方(テスト対策)","2017-07-18T13:04:24.000Z","https://www.youtube.com/watch?v=ESzPIqpwRxQ","00:38:14","数学","大人","線形代数"
"逆行列の求め方(テスト対策)","2017-07-18T17:13:25.000Z","https://www.youtube.com/watch?v=1RPXXitSLDc","00:28:44","数学","大人","線形代数"
"なぜ線形代数か(行列の意味)","2017-12-25T00:52:22.000Z","https://www.youtube.com/watch?v=XzT708UnDRk","00:07:30","数学","大人","線形代数"
"ベクトル空間①(定義)/全3回","2018-01-12T02:57:37.000Z","https://www.youtube.com/watch?v=F0mkAiRiLik","00:17:41","数学","大人","線形代数"
"ベクトル空間②(易しい例)/全3回","2018-01-16T13:44:54.000Z","https://www.youtube.com/watch?v=iY4MAtFBwKE","00:10:21","数学","大人","線形代数"
"ベクトル空間③(難しい例)/全3回","2018-02-01T01:57:02.000Z","https://www.youtube.com/watch?v=thqemoD0gtE","00:15:09","数学","大人","線形代数"
"固有値・固有ベクトルの求め方(テスト対策)","2017-11-05T09:16:52.000Z","https://www.youtube.com/watch?v=zBvG9qreHjo","00:22:36","数学","大人","線形代数"
"行列の対角化演習(テスト対策)","2019-10-24T05:34:12.000Z","https://www.youtube.com/watch?v=t7lZwgyi6rg","00:26:12","数学","大人","線形代数"