"0","1","2"
"https://www.youtube.com/embed/0drNeZ9UUIs","IchigoJam はじめのいっぽ","PCN福井"
"https://www.youtube.com/embed/0LH2yKFv7eI","MixJuiceをはじめよう！","PCN福井"
"https://www.youtube.com/embed/zmrsiTEHGJ8","100mダッシュゲームを作ろう（日本語キーボード用）","PCN上田"
"https://www.youtube.com/embed/v5iC50Uciow","100mダッシュゲームを作ろう（英語キーボード用）","PCN上田"
"https://www.youtube.com/embed/tmMgcfV5C-c","大なわとびさっちゃんを作ろう（日本語キーボード用）","PCN上田"
"https://www.youtube.com/embed/cS1pUGEGCc0","大なわとびさっちゃんを作ろう（英語キーボード用）","PCN上田"
"https://www.youtube.com/embed/7QCJrovRcTM","ジャンプゲームを作ろう（日本語キーボード用）","PCN上田"
"https://www.youtube.com/embed/uuAcHxxHoE8","ジャンプゲームを作ろう（英語キーボード用）","PCN上田"
"https://www.youtube.com/embed/FeIl3tv2QqE","スカッシュゲームを作ろう（日本語キーボード用）","PCN上田"
"https://www.youtube.com/embed/vLEuGA-6rlA","スカッシュゲームを作ろう（英語キーボード用）","PCN上田"
"https://www.youtube.com/embed/wkjPgSfISGs","8パズルゲームを作ろう","PCN上田"
"https://www.youtube.com/embed/0RWu0eq2lCM","電子工作【後編】 ふしぎながっき　おんがくワイヤーを作ろう！","PCN幕張"
"https://www.youtube.com/embed/7lxYfmh8PDY","電子工作【前編】いらいらぼうゲームをつくってみよう！","PCN幕張"
"https://www.youtube.com/embed/agg57UlTs2M","IchigoJamをはんだ付けしよう","PCN上田"
"https://www.youtube.com/embed/5y7NomVCqvw","[イマギッシュとプログラミングをやってみよう] 01 IchigoJamでなわとびさっちゃん",
"https://www.youtube.com/embed/x5fTYdXPPrI","[イマギッシュとプログラミングをやってみよう] 02 IchigoJamでなわとびさっちゃん 改造 前編",
"https://www.youtube.com/embed/muBY_fhB0JA","[イマギッシュとプログラミングをやってみよう] 02 IchigoJamでなわとびさっちゃん 改造 後編",
"https://www.youtube.com/embed/Ru0m_0QvXR0","[イマギッシュとプログラミングをやってみよう] 03 IchigonQuestでぼうけんづくり その１",
"https://www.youtube.com/embed/sogT5849cFc","[イマギッシュとプログラミングをやってみよう] 03 IchigonQuestでぼうけんづくり その２",
"https://www.youtube.com/embed/8uHYdFhsWGg","[イマギッシュとプログラミングをやってみよう] 03 IchigonQuestでぼうけんづくり その３",
"https://www.youtube.com/embed/ztavgxfZBN8","[イマギッシュとプログラミングをやってみよう] 04 IchigonQuestで距離センサー 前編",
"https://www.youtube.com/embed/vodA0OPo348","[イマギッシュとプログラミングをやってみよう] 04 IchigonQuestで距離センサー 後編",
"https://www.youtube.com/embed/438qMGOKhtU","[イマギッシュとプログラミングをやってみよう] 06 IchigonJamでLEDをあやつろう",
"https://www.youtube.com/embed/eUvHjX42-I0","[イマギッシュとプログラミングをやってみよう] 07 スクラッチをつかってみよう",
"https://www.youtube.com/embed/Eu1RMH1ZYhA","[イマギッシュとプログラミングをやってみよう] 08 暗くなったら光るライトを作ろう！",
"https://www.youtube.com/embed/3W6fa7-GOwI","[イマギッシュとプログラミングをやってみよう] 09 ライントレースでロボットを自動運転させよう！",
"https://www.youtube.com/embed/spG8HCkNIMg","[イマギッシュとプログラミングをやってみよう] 10 LEDで絵を描こう! IchigonQuest -- micro:bit",
"https://www.youtube.com/embed/a2mhmkzXH64","[イマギッシュとプログラミングをやってみよう] 11 でんぱで指令を送ろう! IchigonQuest -- micro:bit",
,"PCN（プログラミングクラブネットワーク）の公式チャンネルです。プログラミングが楽しくなるコンテンツを動画でお届けしていきます。",
"https://www.youtube.com/embed/0drNeZ9UUIs","IchigoJam はじめのいっぽ","PCN福井"
"https://www.youtube.com/embed/0LH2yKFv7eI","MixJuiceをはじめよう！","PCN福井"
"https://www.youtube.com/embed/zmrsiTEHGJ8","100mダッシュゲームを作ろう（日本語キーボード用）","PCN上田"
"https://www.youtube.com/embed/v5iC50Uciow","100mダッシュゲームを作ろう（英語キーボード用）","PCN上田"
"https://www.youtube.com/embed/tmMgcfV5C-c","大なわとびさっちゃんを作ろう（日本語キーボード用）","PCN上田"
"https://www.youtube.com/embed/cS1pUGEGCc0","大なわとびさっちゃんを作ろう（英語キーボード用）","PCN上田"
"https://www.youtube.com/embed/7QCJrovRcTM","ジャンプゲームを作ろう（日本語キーボード用）","PCN上田"
"https://www.youtube.com/embed/uuAcHxxHoE8","ジャンプゲームを作ろう（英語キーボード用）","PCN上田"
"https://www.youtube.com/embed/FeIl3tv2QqE","スカッシュゲームを作ろう（日本語キーボード用）","PCN上田"
"https://www.youtube.com/embed/vLEuGA-6rlA","スカッシュゲームを作ろう（英語キーボード用）","PCN上田"
"https://www.youtube.com/embed/wkjPgSfISGs","8パズルゲームを作ろう","PCN上田"
"https://www.youtube.com/embed/0RWu0eq2lCM","電子工作【後編】 ふしぎながっき　おんがくワイヤーを作ろう！","PCN幕張"
"https://www.youtube.com/embed/7lxYfmh8PDY","電子工作【前編】いらいらぼうゲームをつくってみよう！","PCN幕張"
"https://www.youtube.com/embed/agg57UlTs2M","IchigoJamをはんだ付けしよう","PCN上田"
"https://www.youtube.com/embed/5y7NomVCqvw","[イマギッシュとプログラミングをやってみよう] 01 IchigoJamでなわとびさっちゃん",
"https://www.youtube.com/embed/x5fTYdXPPrI","[イマギッシュとプログラミングをやってみよう] 02 IchigoJamでなわとびさっちゃん 改造 前編",
"https://www.youtube.com/embed/muBY_fhB0JA","[イマギッシュとプログラミングをやってみよう] 02 IchigoJamでなわとびさっちゃん 改造 後編",
"https://www.youtube.com/embed/Ru0m_0QvXR0","[イマギッシュとプログラミングをやってみよう] 03 IchigonQuestでぼうけんづくり その１",
"https://www.youtube.com/embed/sogT5849cFc","[イマギッシュとプログラミングをやってみよう] 03 IchigonQuestでぼうけんづくり その２",
"https://www.youtube.com/embed/8uHYdFhsWGg","[イマギッシュとプログラミングをやってみよう] 03 IchigonQuestでぼうけんづくり その３",
"https://www.youtube.com/embed/ztavgxfZBN8","[イマギッシュとプログラミングをやってみよう] 04 IchigonQuestで距離センサー 前編",
"https://www.youtube.com/embed/vodA0OPo348","[イマギッシュとプログラミングをやってみよう] 04 IchigonQuestで距離センサー 後編",
"https://www.youtube.com/embed/438qMGOKhtU","[イマギッシュとプログラミングをやってみよう] 06 IchigonJamでLEDをあやつろう",
"https://www.youtube.com/embed/eUvHjX42-I0","[イマギッシュとプログラミングをやってみよう] 07 スクラッチをつかってみよう",
"https://www.youtube.com/embed/Eu1RMH1ZYhA","[イマギッシュとプログラミングをやってみよう] 08 暗くなったら光るライトを作ろう！",
"https://www.youtube.com/embed/3W6fa7-GOwI","[イマギッシュとプログラミングをやってみよう] 09 ライントレースでロボットを自動運転させよう！",
"https://www.youtube.com/embed/spG8HCkNIMg","[イマギッシュとプログラミングをやってみよう] 10 LEDで絵を描こう! IchigonQuest -- micro:bit",
"https://www.youtube.com/embed/a2mhmkzXH64","[イマギッシュとプログラミングをやってみよう] 11 でんぱで指令を送ろう! IchigonQuest -- micro:bit",
,"PCN（プログラミングクラブネットワーク）の公式チャンネルです。プログラミングが楽しくなるコンテンツを動画でお届けしていきます。",
"https://www.youtube.com/embed/0drNeZ9UUIs","IchigoJam はじめのいっぽ","PCN福井"
"https://www.youtube.com/embed/0LH2yKFv7eI","MixJuiceをはじめよう！","PCN福井"
"https://www.youtube.com/embed/zmrsiTEHGJ8","100mダッシュゲームを作ろう（日本語キーボード用）","PCN上田"
"https://www.youtube.com/embed/v5iC50Uciow","100mダッシュゲームを作ろう（英語キーボード用）","PCN上田"
"https://www.youtube.com/embed/tmMgcfV5C-c","大なわとびさっちゃんを作ろう（日本語キーボード用）","PCN上田"
"https://www.youtube.com/embed/cS1pUGEGCc0","大なわとびさっちゃんを作ろう（英語キーボード用）","PCN上田"
"https://www.youtube.com/embed/7QCJrovRcTM","ジャンプゲームを作ろう（日本語キーボード用）","PCN上田"
"https://www.youtube.com/embed/uuAcHxxHoE8","ジャンプゲームを作ろう（英語キーボード用）","PCN上田"
"https://www.youtube.com/embed/FeIl3tv2QqE","スカッシュゲームを作ろう（日本語キーボード用）","PCN上田"
"https://www.youtube.com/embed/vLEuGA-6rlA","スカッシュゲームを作ろう（英語キーボード用）","PCN上田"
"https://www.youtube.com/embed/wkjPgSfISGs","8パズルゲームを作ろう","PCN上田"
"https://www.youtube.com/embed/0RWu0eq2lCM","電子工作【後編】 ふしぎながっき　おんがくワイヤーを作ろう！","PCN幕張"
"https://www.youtube.com/embed/7lxYfmh8PDY","電子工作【前編】いらいらぼうゲームをつくってみよう！","PCN幕張"
"https://www.youtube.com/embed/agg57UlTs2M","IchigoJamをはんだ付けしよう","PCN上田"
"https://www.youtube.com/embed/5y7NomVCqvw","[イマギッシュとプログラミングをやってみよう] 01 IchigoJamでなわとびさっちゃん",
"https://www.youtube.com/embed/x5fTYdXPPrI","[イマギッシュとプログラミングをやってみよう] 02 IchigoJamでなわとびさっちゃん 改造 前編",
"https://www.youtube.com/embed/muBY_fhB0JA","[イマギッシュとプログラミングをやってみよう] 02 IchigoJamでなわとびさっちゃん 改造 後編",
"https://www.youtube.com/embed/Ru0m_0QvXR0","[イマギッシュとプログラミングをやってみよう] 03 IchigonQuestでぼうけんづくり その１",
"https://www.youtube.com/embed/sogT5849cFc","[イマギッシュとプログラミングをやってみよう] 03 IchigonQuestでぼうけんづくり その２",
"https://www.youtube.com/embed/8uHYdFhsWGg","[イマギッシュとプログラミングをやってみよう] 03 IchigonQuestでぼうけんづくり その３",
"https://www.youtube.com/embed/ztavgxfZBN8","[イマギッシュとプログラミングをやってみよう] 04 IchigonQuestで距離センサー 前編",
"https://www.youtube.com/embed/vodA0OPo348","[イマギッシュとプログラミングをやってみよう] 04 IchigonQuestで距離センサー 後編",
"https://www.youtube.com/embed/438qMGOKhtU","[イマギッシュとプログラミングをやってみよう] 06 IchigonJamでLEDをあやつろう",
"https://www.youtube.com/embed/eUvHjX42-I0","[イマギッシュとプログラミングをやってみよう] 07 スクラッチをつかってみよう",
"https://www.youtube.com/embed/Eu1RMH1ZYhA","[イマギッシュとプログラミングをやってみよう] 08 暗くなったら光るライトを作ろう！",
"https://www.youtube.com/embed/3W6fa7-GOwI","[イマギッシュとプログラミングをやってみよう] 09 ライントレースでロボットを自動運転させよう！",
"https://www.youtube.com/embed/spG8HCkNIMg","[イマギッシュとプログラミングをやってみよう] 10 LEDで絵を描こう! IchigonQuest -- micro:bit",
"https://www.youtube.com/embed/a2mhmkzXH64","[イマギッシュとプログラミングをやってみよう] 11 でんぱで指令を送ろう! IchigonQuest -- micro:bit",
"https://www.youtube.com/embed/0drNeZ9UUIs","IchigoJam はじめのいっぽ","PCN福井"
"https://www.youtube.com/embed/0LH2yKFv7eI","MixJuiceをはじめよう！","PCN福井"
"https://www.youtube.com/embed/zmrsiTEHGJ8","100mダッシュゲームを作ろう（日本語キーボード用）","PCN上田"
"https://www.youtube.com/embed/v5iC50Uciow","100mダッシュゲームを作ろう（英語キーボード用）","PCN上田"
"https://www.youtube.com/embed/tmMgcfV5C-c","大なわとびさっちゃんを作ろう（日本語キーボード用）","PCN上田"
"https://www.youtube.com/embed/cS1pUGEGCc0","大なわとびさっちゃんを作ろう（英語キーボード用）","PCN上田"
"https://www.youtube.com/embed/7QCJrovRcTM","ジャンプゲームを作ろう（日本語キーボード用）","PCN上田"
"https://www.youtube.com/embed/uuAcHxxHoE8","ジャンプゲームを作ろう（英語キーボード用）","PCN上田"
"https://www.youtube.com/embed/FeIl3tv2QqE","スカッシュゲームを作ろう（日本語キーボード用）","PCN上田"
"https://www.youtube.com/embed/vLEuGA-6rlA","スカッシュゲームを作ろう（英語キーボード用）","PCN上田"
"https://www.youtube.com/embed/wkjPgSfISGs","8パズルゲームを作ろう","PCN上田"
"https://www.youtube.com/embed/0RWu0eq2lCM","電子工作【後編】 ふしぎながっき　おんがくワイヤーを作ろう！","PCN幕張"
"https://www.youtube.com/embed/7lxYfmh8PDY","電子工作【前編】いらいらぼうゲームをつくってみよう！","PCN幕張"
"https://www.youtube.com/embed/agg57UlTs2M","IchigoJamをはんだ付けしよう","PCN上田"
"https://www.youtube.com/embed/5y7NomVCqvw","[イマギッシュとプログラミングをやってみよう] 01 IchigoJamでなわとびさっちゃん",
"https://www.youtube.com/embed/x5fTYdXPPrI","[イマギッシュとプログラミングをやってみよう] 02 IchigoJamでなわとびさっちゃん 改造 前編",
"https://www.youtube.com/embed/muBY_fhB0JA","[イマギッシュとプログラミングをやってみよう] 02 IchigoJamでなわとびさっちゃん 改造 後編",
"https://www.youtube.com/embed/Ru0m_0QvXR0","[イマギッシュとプログラミングをやってみよう] 03 IchigonQuestでぼうけんづくり その１",
"https://www.youtube.com/embed/sogT5849cFc","[イマギッシュとプログラミングをやってみよう] 03 IchigonQuestでぼうけんづくり その２",
"https://www.youtube.com/embed/8uHYdFhsWGg","[イマギッシュとプログラミングをやってみよう] 03 IchigonQuestでぼうけんづくり その３",
"https://www.youtube.com/embed/ztavgxfZBN8","[イマギッシュとプログラミングをやってみよう] 04 IchigonQuestで距離センサー 前編",
"https://www.youtube.com/embed/vodA0OPo348","[イマギッシュとプログラミングをやってみよう] 04 IchigonQuestで距離センサー 後編",
"https://www.youtube.com/embed/438qMGOKhtU","[イマギッシュとプログラミングをやってみよう] 06 IchigonJamでLEDをあやつろう",
"https://www.youtube.com/embed/eUvHjX42-I0","[イマギッシュとプログラミングをやってみよう] 07 スクラッチをつかってみよう",
"https://www.youtube.com/embed/Eu1RMH1ZYhA","[イマギッシュとプログラミングをやってみよう] 08 暗くなったら光るライトを作ろう！",
"https://www.youtube.com/embed/3W6fa7-GOwI","[イマギッシュとプログラミングをやってみよう] 09 ライントレースでロボットを自動運転させよう！",
"https://www.youtube.com/embed/spG8HCkNIMg","[イマギッシュとプログラミングをやってみよう] 10 LEDで絵を描こう! IchigonQuest -- micro:bit",
"https://www.youtube.com/embed/a2mhmkzXH64","[イマギッシュとプログラミングをやってみよう] 11 でんぱで指令を送ろう! IchigonQuest -- micro:bit",
,"PCN（プログラミングクラブネットワーク）の公式チャンネルです。プログラミングが楽しくなるコンテンツを動画でお届けしていきます。",