"学年","教科","月","単元名","ページ","サイト名","内容","URL","注意事項など","タイトル"
"中学1年","国語","１０月","竹取物語","光村
    図書
    147～156","NHK for 
    School","物語の元祖と言われている「竹取物語」。天上界と人間界が交差する神秘や、悲哀をおびた人間模様を、平安時代の社会背景などの情報も盛り込みながら、味わえます。","https://www.nhk.or.jp/kokugo/10min_kobun/",,"10min.ボックス
    古文・漢文
    竹取物語"
"中学1年","国語","１０月","竹取物語","光村
    図書
    147～156","NHK for 
    School","日本最古の物語「竹取物語」はＳＦのような不思議に満ちています。翁がかぐや姫を見つける冒頭と、月から迎えが来る場面を原文で紹介します。","http://www.nhk.or.jp/kokugo/classic/?das_id=D0005150082_00000",,"おはなしのくにクラシック
    竹取物語"
"中学1年","国語","１１月","故事成語","光村
    図書
    158～160","e-board","矛盾についての動画。言葉の説明や話の内容について詳しく解説しています。丁寧で優しい語り口です。","https://www.youtube.com/watch?v=i7m0zizmI-E",,"故事成語「矛盾」"
"中学1年","国語","１１月","故事成語","光村
    図書
    158～160","NHK for 
    School","中国の歴史や説話を由来とし、日常的な言葉に根付いている故事成語。初めて漢文に触れる生徒を対象に、普段意識しない言葉のルーツに目をむけ、漢文の世界へ誘う。","https://www.nhk.or.jp/kokugo/10min_kobun/?das_id=D0005150073_00000",,"10min.ボックス
    古文・漢文
    故事成語（矛盾など）"
"中学1年","国語","通年",,,"スタディ
    チャンネル","塾の先生が3分ほどで授業で学んだキーワードを分かりやすく解説しています。","https://www.studychannel.jp/feature/channel/1","無料会員登録
    (登録するときには保護者の許可が必要です）
    登録しなくても見られます",
"中学1年","国語","通年",,,"e-board","無料会員登録。短くまとめられた解説の後、チェックテストにチャレンジできます。","https://www.eboard.jp/list/13/","無料会員登録
    (登録するときには保護者の許可が必要です）
    登録しなくても見られます",
"中学1年","数学","４月","・0より小さい数
    ・数直線
    絶対値","12～16
    19","タダでマナべる「さかぽん先生.tv」","「負の数」といった用語や数の並び、数直線、絶対値について学ぶことができます","http://sakaponsensei.tv/jugyou-m/7-1-1.html",,"中学1年生数学　数直線と絶対値"
"中学1年","数学","４月","・正の数
    ・負の数で量を表すこと
    ・大小関係","17～18
    20","タダでマナべる「さかぽん先生.tv」","数量を正の符号、負の符号で表す方法と、大小関係の表し方が学べます。","http://sakaponsensei.tv/jugyou-m/7-1-2.html",,"中学1年生数学　＋、－を用いた表現　大小関係"
"中学1年","数学","４月","正の数・負の数の加法","24～28","タダでマナべる「さかぽん先生.tv」","・加法の計算方法を学べます。
    ・加法の交換法則、結合法則の仕方を学べます。","http://sakaponsensei.tv/jugyou-m/7-1-3.html",,"中学校1年生数学 正負の数のたし算"
"中学1年","数学","４月","正の数・負の数の減法","28～30","タダでマナべる「さかぽん先生.tv」","・減法の計算方法を学べます。
    ・すべて加法に直して計算する方法を学べます。","http://sakaponsensei.tv/jugyou-m/7-1-4.html",,"中学校1年生数学 正負の数のひき算"
"中学1年","数学","４月","加法と減法の混じった計算1","31","タダでマナべる「さかぽん先生.tv」","（）のない整数の加法、減法が学べます。","http://sakaponsensei.tv/jugyou-m/7-1-5.html",,"中学校1年生数学 正負の数の(　)のないたし算・ひき算"
"中学1年","数学","４月","加法と減法の混じった計算2","31～32","タダでマナべる「さかぽん先生.tv」","（）のはずして、加法、減法する方法を学べます。","http://sakaponsensei.tv/jugyou-m/7-1-6.html",,"中学校1年生数学
  正負の数のたし算・ひき算　(　)を外して計算しよう"
"中学1年","数学","４月","正の数・負の数の乗法、除法","33～37","youtube
    「とある男が授業してみた」","正の数・負の数でのかけ算やわり算の方法を学べます。","https://www.youtube.com/watch?v=zHM3CjOzPJA",,"【中1 数学】中1-6 正負のかけ算・わり算1"
"中学1年","数学","４月
    ～５月","・分数をふくむ乗除
    ・乗除の混じった計算","38～41","YouTube
    「とある男が授業してみた」","逆数になおす方法、分数を含む乗除の方法、乗除の混じった計算の仕方を学ぶことができます。","https://www.youtube.com/watch?v=zm66O7khECA",,"【中1 数学】中1-7 正負のかけ算・わり算2"
"中学1年","数学","４月
    ～５月","同じ数の積","42","YouTube
    「とある男が授業してみた」","指数の意味、表現方法、計算方法を学ぶことができます。","https://www.youtube.com/watch?v=dSTn1Qy6Pms",,"【中1 数学】中1-8 指数"
"中学1年","数学","４月
    ～５月","・四則をふくむ式の計算
    ・分配法則","43～44","YouTube
    「とある男が授業してみた」","加法、減法、乗法、除法が混じった計算の解き方や分配法則を学ぶことができます。","https://www.youtube.com/watch?v=6ewwrOBRi90",,"【中1 数学】中1-9 計算のまとめ"
"中学1年","数学","４月
    ～５月","・正の数・負の数の利用","47～49","YouTube
    「とある男が授業してみた」","魔法陣の解き方、平均の求め方が学べます。","https://www.youtube.com/watch?v=t1ApySmI1Xk&feature=youtu.be",,"【中1 数学】中1-10 正負の問題を詰め込んでみた"
"中学1年","数学","４月
    ～５月","素因数
    分解","補助
    教材","YouTube
    「ジオラオ中等Tube 」","素因数分解の仕方を学ぶことができます。","https://www.youtube.com/watch?v=fdMqzifbbIA",,"小学生のための中学数学5【素因数分解】"
"中学1年","数学","４月
    ～５月","円魔方陣をつくろう","50～52","学校図書
    株式会社","正の数、負の数の単元で学んだことを生かし、円魔方陣を解く方法をまなぶことができます。","https://www.gakuto.co.jp/docs/ms/sugaku/pdf/h28_1_01.pdf",,"円魔方陣をつくろう（PDF）"
"中学1年","数学","４月
    ～５月","裏技を見つけよう！","50～52","学校図書
    株式会社","1～100までの数の和を簡単に求める方法を学べます。","https://www.gakuto.co.jp/docs/ms/sugaku/pdf/h28_1_02.pdf",,"裏技を見つけよう！（PDF)"
"中学1年","数学","４月
    ～５月","小町算にチャレンジ！","50～52","学校図書
    株式会社","1から10まで並んだ数字の間に四則を表す記号を入れ、計算結果が100になるような式の作り方を学べます。","https://www.gakuto.co.jp/docs/ms/sugaku/pdf/h28_1_03.pdf",,"小町算にチャレンジ！（PDF)"
"中学1年","数学","３月","・度数分布表
    
    ・ヒストグラム
    ・度数分布多角形","200
    　～205","YouTube
    「とある男が授業してみた」","度数分布表、ヒストグラム、度数分布多角形の作り方が学べます。","https://www.youtube.com/watch?v=Ucl70d0N0h0",,"【中1 数学】中1-86 度数分布"
"中学1年","数学","３月","相対度数
    累積度数","206
    　～207
    補助
    教材","YouTube
    「林田鉄夫」","相対度数と累積度数の求め方が学べます。","https://www.youtube.com/watch?v=S4rhVsGsFOc",,"中1　21－2　相対度数，累積度数，平均"
"中学1年","数学","３月","代表値と散らばり","208
    　～211","YouTube
    「とある男が授業してみた」","度数分布表を使った階級値、平均値、中央値、最頻値の求め方が学べます。","https://www.youtube.com/watch?v=5Et79Eo964I",,"【中1 数学】中1-87 代表値と散らばり"
"中学1年","数学","３月","巻末問題",,"数楽研究室","線対称の性質を使って四則計算をします。","https://www.dainippon-tosho.co.jp/mathlab/flash/no_001/flash01_2.html","要 Flash
  Player","カガミとなぞトキはかせ"
"中学1年","数学","３月",,"巻末
    問題","数楽研究室","図形を移動させて、別の図形を作ります。","https://www.dainippon-tosho.co.jp/mathlab/flash/no_006/tangram.html","要 Flash
  Player","タングラム"
"中学1年","数学","３月",,"巻末
    問題","数楽研究室","加法と乗法を使って出た答えの数で、マスを埋めます。","https://www.dainippon-tosho.co.jp/mathlab/flash/no_007/math_no7.html","要 Flash
  Player","かけざん・たしざんゲーム"
"中学1年","数学","通年",,,"スタディ
    チャンネル","塾の先生が3分ほどで授業で学んだキーワードを分かりやすく解説しています。","https://www.studychannel.jp/feature/channel/2","無料会員登録
    (登録するときには保護者の許可が必要です）
    登録しなくても見られます",
"中学1年","英語","通年",,,"NHKラジオらじるらじる（インターネットラジオ）","中学1年レベルの文法と会話表現を、声を出しながらじっくり身につけます。","https://www.nhk.or.jp/radio/ondemand/detail.html?p=0677_01",,"基礎英語1"
"中学1年","英語","通年",,,"聞き流しで覚える英語","画面を見ながら、気軽に中学1年レベルの英単語と意味を確認できます。Part2もあります。","https://www.youtube.com/watch?v=VTlAv-gbYsY",,"【聞き流し英単語】中学1年生で習う英単語300語 Part1"
"中学1年","英語","通年",,,"Rock 'N Learn","身体、家族、気持ちを英語で言えるかな？","https://www.youtube.com/watch?v=hFIGwwE1uAM",,"Learn English for Kids – Body Parts, Family & Feelings"
"中学1年","英語","通年",,,"Rock 'N Learn","食べ物、人の動き、動物を英語で言えるかな？","https://www.youtube.com/watch?v=0kH43b6pNAw",,"Learn
  English for Kids - Food, Activities & Animals"
"中学1年","英語","通年",,,"算数・数学で人々を幸せにするふるやまん","現在進行形について、約5分で分かりやすく解説しています！他にも疑問文や命令文などについての動画もあります。","https://www.youtube.com/watch?v=1QjmLiJ25Ag&list=PLC1v0Po0yiOgy7DDoOacqwN-Xi07bozuY",,"5分で学べる楽しい英語　中学校英語　現在進行形"
"中学1年","英語","通年",,,"NHK for 
    School","中学1, 2年レベルの英会話番組です。英語や外国の文化にまつわる気になることを、英語のフレーズで学びます。","http://www.nhk.or.jp/eigo/girl-boy/?das_id=D0005140349_00000",,"知りたガールと学ボーイ"
"中学1年","英語","通年",,,"スタディ
    チャンネル","塾の先生が3分ほどで授業で学んだキーワードを分かりやすく解説しています。","https://www.studychannel.jp/feature/channel/5","無料会員登録
    (登録するときには保護者の許可が必要です）
    登録しなくても見られます",
"中学1年","社会","通年",,"歴史
    分野","NHK for 
    School","歴史資料やCG、再現ドラマなど、さまざまな映像が使われており、歴史のダイナミックな動きが分かります。","http://www.nhk.or.jp/syakai/10min_nihonshi/",,"10min.ボックス日本史"
"中学1年","社会","通年",,"地理
    分野","NHK for 
    School","素朴な疑問を、さまざまな「見方」を基に、アクティブに探究していく過程を学ぶことができる番組。","http://www.nhk.or.jp/syakai/10min_tiri/",,"10min.ボックス地理"
"中学1年","社会","通年",,"地・歴・
    公","スクールTV","授業の内容を10分ほどでまとめてあります。番組の途中にも問題が出てくるなど飽きないで楽しめます。","https://school-tv.jp/","無料会員登録
    (登録するときには保護者の許可が必要です）
    登録しなくても見られます PCで見ましょう",
"中学1年","社会","通年",,"地・歴・
    公","スタディ
    チャンネル","塾の先生が3分ほどで授業で学んだキーワードを分かりやすく解説しています。","https://www.studychannel.jp/feature/channel/4","無料会員登録
    (登録するときには保護者の許可が必要です）
    登録しなくても見られます",
"中学1年","社会","通年",,"地・歴・
    公","e-board","短くまとめられた解説の後、チェックテストにチャレンジできます。","https://www.eboard.jp/list/3/","無料会員登録
    (登録するときには保護者の許可が必要です）
    登録しなくても見られます",
"中学1年","社会","通年",,"地・歴・
    公","YouTube","塾の講師による学習動画です。テーマに沿って10分程度にまとめられており、予習や復習に利用しやすいです。","https://www.youtube.com/watch?v=tsHewt5zsR4",,"動画でわかる映像授業Try IT"
"中学1年","社会","通年",,"歴史
    分野","YouTube","主に戦国時代に活躍した人物の生涯や関係した出来事を紹介する動画集です。興味のある人物について知るのに、よいきっかけになりそうです。","https://www.youtube.com/channel/UCT-xz7Ot0fmEcyVAbnVftmw/featured?disable_polymer=1",,"歴史じっくり紀行"
"中学1年","社会","通年",,"地理
    分野","YouTube","グーグルアース の画像を使って世界や日本 の地形問題
  を作成しています。白地図とは違うリアルな図なので知識の整理や力試しとして利用できます。","https://www.youtube.com/channel/UCWHF0EtCmDmOOsFeZcPHppw",,"歴トレ
    中学高校入試 日本地理 地形問題 150問"
"中学1年","社会","通年",,"地・公","WWFジャパン","「持続可能な社会」をつくるためのWWFによる取り組みを分かりやすく紹介した動画です。","https://youtu.be/03jIQch3q9I",,"持続可能な社会を創る"
"中学1年","社会","通年",,"地・歴","youtube","個人作成動画。授業の動画もありますが、作者が歴史上有名な場所（吉野ヶ里遺跡、出島、志賀島など）に直接行ってリポートしているので大変面白いです。","https://www.youtube.com/channel/UC3xXwmbXFOzkPP9fWVD8xhg",,"travel report channelトラレポチャンネル"
"中学1年","社会
    総合","通年",,,"福井県
    教育博物館","楽しみながらふるさと福井を学べるページです。
    興味がわいたらさらに調べてみよう。","https://www.fukui-educate.jp/museum/",,"学びのページ"
"中学1年","理科","４月","植物の世界","10～14","NHK for 
    School","身近な生物を観察しようということで、4月には野外観察に出かけます。そこで見つける雑草にはそれぞれに特徴があります。その1つであるオオバコに注目する番組です。","https://www.nhk.or.jp/rika/micro/?das_id=D0005100140_00000",,"ミクロワールド　道ばたに育つ　オオバコの秘密"
"中学1年","理科","４月","植物の世界","29～50","NHK for 
    School","葉の光合成や蒸散のはたらきと関連づけて、葉の表と裏での色の違いを考えます。","https://www.nhk.or.jp/rika/active10/?das_id=D0005110473_00000",,"アクティブ10理科　葉のはたらき"
"中学1年","理科","４月","植物の世界","10～14","NHK for 
    School","野草を1年を通して観察し、季節の変化を感じる番組","https://www.nhk.or.jp/rika/10min1/?das_id=D0005100002_00000",,"10min.ボックス校内の生きもの　植物の1年"
"中学1年","理科","３月","火をふく大地","230～257","NHK for 
    School","地層のでき方、重なりや広がリの規則性を理解し、化石を手がかりに過去の環境と地質年代を推定する番組","http://www.nhk.or.jp/rika/10min_rika2/?das_id=D0005110125_00000",,"10min.ボックス 地層"
"中学1年","理科","５月","植物の世界","51～","NHK for 
    School","科学の見方・考え方を使って植物を分類してみよう。","https://www.nhk.or.jp/rika/mikata/?das_id=D0005110367_00000",,"カガクノミカタ
    仲間分けしてみる"
"中学1年","理科","通年",,,"スタディ
    チャンネル","塾の先生が3分ほどで授業で学んだキーワードを分かりやすく解説しています。","https://www.studychannel.jp/feature/channel/3","無料会員登録
    (登録するときには保護者の許可が必要です）
    登録しなくても見られます",
"中学1年","理科","通年",,,"e-board","短くまとめられた解説の後、チェックテストにチャレンジできます。","https://www.eboard.jp/list/6/","無料会員登録
    (登録するときには保護者の許可が必要です）
    登録しなくても見られます",
"中学1年","技術・家庭科","通年",,,"NHK for 
    School","身の回りの様々な道具の仕組みがわかります。","https://www.nhk.or.jp/gijutsu/taketech/",,"TAKE　TECH"
"中学1年/中学2年/中学3年","社会","通年",,"歴史
    分野","YouTube
    「とある男が授業してみた」","歴史分野についての動画集です。自分の興味があるものや、復習になるものを選んで見てください。","https://www.youtube.com/playlist?list=PLKRhhk0lEyzOjwgG2CGJGKmfVn4JDEg4F",,
"中学1年/中学2年/中学3年","社会","通年",,"公民
    分野","YouTube
    「とある男が授業してみた」","公民分野についての動画集です。自分の興味があるものや、復習になるものを選んで見てください。","https://www.youtube.com/playlist?list=PLKRhhk0lEyzPclwzQGnU0hP9MkyfemfZq",,
"中学1年/中学2年/中学3年","社会","通年",,"地理
    分野","YouTube
    「とある男が授業してみた」","地理分野についての動画集です。自分の興味があるものや、復習になるものを選んで見てください。","https://www.youtube.com/playlist?list=PLKRhhk0lEyzNL16R6JLDmOlO2EoSGJme1",,
"中学2年","国語","10月","枕草子","光村
    図書
    32～33","NHK for 
    School","「春はあけぼの」で始まる春夏秋冬についての冒頭文を原文でじっくり味わえる。キーワードとして「をかし」に注目。さらに平安時代の季節感を、寝殿造の住居を通して考えます。","http://www2.nhk.or.jp/school/movie/bangumi.cgi?p=general&das_id=D0005150081_00000",,"おはなしのくに
    クラシック
    枕草子（清少納言）"
"中学2年","国語","10月","枕草子","光村
    図書
    32～33","NHK for 
    School","豊かな感性とあふれる知性が魅力の「枕草子」。作者清少納言は、天皇の妻に仕えるエリート女官だった。雅な宮廷の文化を解説し、この古典をより面白く読みます。","https://www.nhk.or.jp/kokugo/10min_kobun/?das_id=D0005150066_00000",,"10min.ボックス
    古文・漢文
    枕草子（清少納言）"
"中学2年","国語","10月","徒然草","光村
    図書","NHK for 
    School","人里離れて暮らした兼好法師の随筆は、ユーモアと批判精神に富み、今の時代にも通用する面白さがあります。有名な冒頭文と、よく知られたエピソードを紹介します。","https://www.nhk.or.jp/kokugo/classic/?das_id=D0005150084_00000",,"おはなしのくに
    クラシック
    徒然草（吉田兼好）"
"中学2年","国語","10月","徒然草","光村
    図書","NHK for 
    School","世の中から一歩引いた視点で書き連ねた「徒然草」。世間の出来事などから導き出す処世訓は、人間の本質に迫ります。時代が変わっても十分通用する奥深さを読み取れます。","https://www.nhk.or.jp/kokugo/10min_kobun/?das_id=D0005150071_00000",,"10min.ボックス
    古文・漢文
    徒然草（吉田兼好）"
"中学2年","国語","10月","漢詩","146～
    150","NHK for School","日本の文学に長年にわたって大きな影響を与えてきた漢詩。杜甫や李白の詩を読みながら、時代も、国も、言語も越えて味わうことができる不思議を解き明かします。","https://www.nhk.or.jp/kokugo/10min_kobun/?das_id=D0005150074_00000",,"1０min.ボックス
    古文・漢文
    漢詩"
"中学2年","国語","10月","漢詩","光村
    図書
    146～150","NHK for School","中国で生まれた漢詩は、昔の日本人にとって大切な教養のひとつでした。孟浩然「春暁」を、書き下し文・現代語訳を交えて味わいます。","https://www.nhk.or.jp/kokugo/classic/?das_id=D0005150086_00000",,"おはなしのくに
    クラシック
    漢詩"
"中学2年","国語","７月","短歌","光村
    図書
    64～68","NHK for School","近代以降、短歌は新しい時代を迎えます。与謝野晶子、石川啄木など、個人の生き方や思いを歌った作品の数々を紹介します。","https://www2.nhk.or.jp/school/movie/bangumi.cgi?p=general&das_id=D0005150098_00000",,"おはなしのくに
    クラシック
    短歌"
"中学2年","国語","７月","短歌","光村
    図書
    64～68","NHK for School","王朝時代からの長い伝統を持つ短歌。近代、西洋の思想が流入する、新しい表現が花開いた。自我を大胆に肯定した与謝野晶子、生活を歌った石川啄木を中心に、作品を読みます。","https://www.nhk.or.jp/kokugo/10min_gendaibun/?das_id=D0005150045_00000",,"1０min.ボックス
    現代文
    短歌"
"中学2年","国語","10月","平家物語","光村
    図書
    132～138","NHK for School","有名な冒頭文「祇園精舎」と、武士の人生の悲哀を描く「敦盛の最期」を紹介。重厚な言葉の響きを味わいます。","https://www.nhk.or.jp/kokugo/classic/?das_id=D0005150088_00000",,"おはなしのくに
    クラシック
    平家物語"
"中学2年","国語","５月","熟語の成り立ち","39～40
    41～42","スク－ルＴＶ","熟語の成り立ちがわかります。
    チェックテストもあります。","https://school-tv.jp/v/7653","無料会員登録
    (登録するときには保護者の許可が必要です）
    登録しなくても見られます PCで見ましょう","熟語の成り立ち"
"中学2年","国語","通年",,,"スタディ
    チャンネル","塾の先生が3分ほどで授業で学んだキーワードを分かりやすく解説しています。","https://www.studychannel.jp/feature/channel/1","無料会員登録
    (登録するときには保護者の許可が必要です）
    登録しなくても見られます",
"中学2年","国語","通年",,,"e-board","無料会員登録。短くまとめられた解説の後、チェックテストにチャレンジできます。","https://www.eboard.jp/list/13/","無料会員登録
    (登録するときには保護者の許可が必要です）
    登録しなくても見られます",
"中学2年","数学","４月","・単項式と多項式
    ・同類項","15～17","タダでマナべる「さかぽん先生.tv」","単項式、多項式、係数、次数の意味や同類項をまとめることについて学べます。","http://sakaponsensei.tv/jugyou-m/8-1-1.html",,"中学校2年生数学 
    単項式と多項式"
"中学2年","数学","４月","式の加法、減法","17～20","タダでマナべる「さかぽん先生.tv」","・多項式どうしの加法、減法について学ぶことができます。
    ・（）がある式の計算も学ぶことができます。","http://sakaponsensei.tv/jugyou-m/8-1-2.html",,"中学校2年生数学 
    式の加法・減法"
"中学2年","数学","４月","いろいろな多項式の計算①","22～23","タダでマナべる「さかぽん先生.tv」","単項式どうしの乗法、除法について学ぶことができます。","http://sakaponsensei.tv/jugyou-m/8-1-3.html",,"中学校2年生数学 
    単項式の乗法・除法"
"中学2年","数学","４月","・いろいろな多項式の計算②
    ・式の値","21、24","タダでマナべる「さかぽん先生.tv」","乗除の混じった計算の仕方と式の値の求め方について学ぶことができます。","http://sakaponsensei.tv/jugyou-m/8-1-4.html",,"中学校2年生数学 
    単項式の乗除混合計算,式の値"
"中学2年","数学","４月","等式の変形","28～29","タダでマナべる「さかぽん先生.tv」","等式の変形の仕方について学ぶことができます。","http://sakaponsensei.tv/jugyou-m/8-1-5.html",,"中学校2年生数学 
    等式の変形"
"中学2年","数学","４月",,"26～28","タダでマナべる「さかぽん先生.tv」","文字式を利用して説明していく問題について学ぶことができます。","http://sakaponsensei.tv/jugyou-m/8-1-6.html",,"中学校2年生数学 
    式による証明"
"中学2年","数学","４月","隠された数字は？","30～32","学校図書
    株式会社","魔方陣を使って楽しく文字式の計算練習ができます。","https://www.gakuto.co.jp/docs/ms/sugaku/pdf/h28_2_01.pdf",,"隠された数字は？（PDF)"
"中学2年","数学","４月","和算の算額問題に挑戦しよう","30～32","学校図書
    株式会社","式の計算を利用した応用問題にチャレンジできます。","https://www.gakuto.co.jp/docs/ms/sugaku/pdf/h28_2_02.pdf",,"和算の算額問題に挑戦しよう（PDF)"
"中学2年","数学","３月","確率","148
    　～158","タダでマナべる「さかぽん先生.tv」","確率の求め方、樹形図を使った確率の求め方がわかります。","http://sakaponsensei.tv/jugyou-m/8-5-1.html",,"中学校2年生数学 
    確率①"
"中学2年","数学","３月","確率","159
    　～160","タダでマナべる「さかぽん先生.tv」","３枚の硬貨を使った問題の確率の求め方、さいころ２つを使った問題の確率の求め方がわかります。","http://sakaponsensei.tv/jugyou-m/8-5-2.html",,"中学校２年生数学 
    確率②"
"中学2年","数学","３月","確率","161
    　～163","タダでマナべる「さかぽん先生.tv」","樹形図を使った確率の問題の練習ができます。","http://sakaponsensei.tv/jugyou-m/8-5-3.html",,"中学校２年生数学 
    確率③"
"中学2年","数学","３月",,"巻末
    問題","数楽研究室","正多角形を使って図形を作ります。","https://www.dainippon-tosho.co.jp/mathlab/flash/no_004/math4.html","要 Flash Player","多角形の円陣"
"中学2年","数学","３月",,"確率
    160","数学の世界WEBコンテンツ","3つのさいころの確率を使ってガリレイの質問の答えを考えます。","https://www.dainippon-tosho.co.jp/web_contents/math/app/html/2n_p198_galilei.html","要 Flash Player","ガリレイの質問に答えよう"
"中学2年","数学","通年",,,"スタディ
    チャンネル","塾の先生が3分ほどで授業で学んだキーワードを分かりやすく解説しています。","https://www.studychannel.jp/feature/channel/2","無料会員登録
    (登録するときには保護者の許可が必要です）
    登録しなくても見られます",
"中学2年","英語","通年",,,"NHKラジオらじるらじる（インターネットラジオ）","中学２年レベルの英語を無理なく学びながら、発信できる力を伸ばします。","https://www.nhk.or.jp/radio/ondemand/detail.html?p=0694_01",,"基礎英語２"
"中学2年","英語","通年",,,"聞き流しで覚える英語","画面を見ながら、気軽に中学2年レベルの英単語と意味を確認できます。Part2もあります。","https://www.youtube.com/watch?v=cKmh9f6lqCk",,"【聞き流し英単語】中学2年生で習う英単語400語 Part1"
"中学2年","英語","通年",,,"日本英語検定協会","準２級や３級の二次試験を体験できます。面接室に入室してから退出するまでの流れを、音声付アニメーションを見ながら把握できます。","https://www.eiken.or.jp/eiken/exam/virtual/","要 Flash Player","バーチャル二次試験"
"中学2年","英語","通年",,,"FIFA
    公式YouTubeチャンネル","サッカーファン必見。サッカーを通して英語を学ぼう。
    名試合、有名選手のインタビュー動画あるぞ！","https://www.youtube.com/FIFATV",,"FIFA　TV"
"中学2年","英語","通年",,,"Jr.NBA","バスケットボール少年少女必見。NBA選手・コーチによるトレーニング動画を見ながら、英語も学んじゃおう！","https://www.youtube.com/channel/UCuA7P9O4_YEJHa6epPnWAbg",,"jr.nba"
"中学2年","英語","通年",,,"MLB
    公式YouTubeチャンネル","メジャーリーグファン必見。野球を通して英語を学ぼう。日本人メジャー選手の情報ももちろんあります。","https://www.youtube.com/user/MLB/videos?disable_polymer=1",,"MLB"
"中学2年","英語","通年",,,"ワシントンウィザース公式YouTubeチャンネル","八村 塁選手の情報満載。八村選手の英語も聞こう！","https://www.youtube.com/channel/UChvzoBPvORuNGtHTMzjUsIQ",,"Washington
  Wizards"
"中学2年","英語","通年",,,"シカゴカブス公式YouTubeチャンネル","ダルビッシュ選手の流ちょうな英語が聞けます。プレーだけでなく、英語もまねしよう！","https://www.youtube.com/channel/UCerLHafx4QJphXRqz5xWVjg",,"Cubs Baseball"
"中学2年","英語","通年",,,"Learn English With TV Series","ハリーポッターの登場人物たちの英語を見て、聞いてみよう！","https://www.youtube.com/watch?v=JQYOo1PEzvE",,"ハリーポッターで英語を学ぶ"
"中学2年","英語","通年",,,"日本英語検定協会","３級や４級のスピーキングテストを体験できます。","https://www.eiken.or.jp/eiken/exam/virtual/",,"バーチャルスピーキングテスト"
"中学2年","英語","通年",,,"スタディ
    チャンネル","塾の先生が3分ほどで授業で学んだキーワードを分かりやすく解説しています。","https://www.studychannel.jp/feature/channel/5","無料会員登録
    (登録するときには保護者の許可が必要です）
    登録しなくても見られます",
"中学2年","社会","通年","歴史分野",,"NHK for
  
    School","歴史資料やCG、再現ドラマなど、さまざまな映像が使われており、歴史のダイナミックな動きが分かります。","http://www.nhk.or.jp/syakai/10min_nihonshi/",,"１０min.ボックス日本史"
"中学2年","社会","通年","地理分野",,"NHK for 
    School","素朴な疑問を、さまざまな「見方」を基に、アクティブに探究していく過程を学ぶことができる番組。","http://www.nhk.or.jp/syakai/10min_tiri/",,"１0min.ボックス地理"
"中学2年","社会","通年","地・歴・公",,"スクールTV","授業の内容を10分ほどでまとめてあります。番組の途中にも問題が出てくるなど飽きないで楽しめます。","https://school-tv.jp/s/85","無料会員登録
    (登録するときには保護者の許可が必要です）
    登録しなくても見られます　PCで見ましょう",
"中学2年","社会","通年","地・歴・公",,"スタディ
    チャンネル","塾の先生が3分ほどで授業で学んだキーワードを分かりやすく解説しています。","https://www.studychannel.jp/feature/channel/4","無料会員登録
    (登録するときには保護者の許可が必要です）
    登録しなくても見られます",
"中学2年","社会","通年","地・歴・公",,"e-board","短くまとめられた解説の後、チェックテストにチャレンジできます。","https://www.eboard.jp/list/3/","無料会員登録
    (登録するときには保護者の許可が必要です）
    登録しなくても見られます",
"中学2年","社会","通年","地・歴・公",,"You Tube","とある男性が社会の講義をしています。","https://www.youtube.com/user/toaruotokohaichi",,"とある男が授業をしてみた"
"中学2年","社会","通年","地・歴・公",,"You Tube","塾の講師による学習動画です。テーマに沿って10分程度にまとめられており、予習や復習に利用しやすいです。","https://www.youtube.com/watch?v=tsHewt5zsR4",,"動画でわかる映像授業Try IT"
"中学2年","社会","通年","歴史分野",,"You Tube","主に戦国時代に活躍した人物の生涯や関係した出来事を紹介する動画集です。興味のある人物について知るのに、よいきっかけになりそうです。","https://www.youtube.com/channel/UCT-xz7Ot0fmEcyVAbnVftmw/featured?disable_polymer=1",,"歴史じっくり紀行"
"中学2年","社会","通年","地理分野",,"You Tube","グーグルアース の画像を使って世界や日本 の地形問題
  を作成しています。白地図とは違うリアルな図なので知識の整理や力試しとして利用できます。","https://www.youtube.com/channel/UCWHF0EtCmDmOOsFeZcPHppw",,"歴トレ
    中学高校入試 日本地理 地形問題 150問"
"中学2年","社会","通年","地・公",,"WWFジャパン","「持続可能な社会」をつくるためのWWFによる取り組みを分かりやすく紹介した動画です。","https://youtu.be/03jIQch3q9I",,"持続可能な社会を創る"
"中学2年","社会","通年","地・歴",,"You Tube","個人作成動画。授業の動画もありますが、作者が歴史上有名な場所（吉野ヶ里遺跡、出島、志賀島など）に直接行ってリポートしているので大変面白いです。","https://www.youtube.com/channel/UC3xXwmbXFOzkPP9fWVD8xhg",,"travel report channelトラレポチャンネル"
"中学2年","社会・総合","通年",,,"福井県
    教育博物館","楽しみながらふるさと福井を学べるページです。
    興味がわいたらさらに調べてみよう。","https://www.fukui-educate.jp/museum/",,"学びのページ"
"中学2年","理科","３月","電気の世界","214～219","NHK for 
    School","２つのアルミ缶の間に画びょうをつるす。静電気を缶にうつすと、画びょうはどうなる？","https://www.nhk.or.jp/rika/karasu/?das_id=D0005110314_00000",,"考えるカラス　～科学の考え方～14回"
"中学2年","理科","３月","電気の世界","248～
    273","NHK for 
    School","電流から熱や光などが取り出せること、電力の違いによって発生する熱や光の量に違いがあることを学ぶ番組です。","http://www.nhk.or.jp/rika/10min_rika1/?das_id=D0005110151_00000",,"１０min.ボックス 電流と磁界"
"中学2年","理科","４月","化学変化と原子・分子","10～31","NHK for 
    School","物質は分解して生成した物質から元の物質の成分が推定できること、物質は原子と分子からできていることを理解する番組です。","http://www.nhk.or.jp/rika/10min_rika1/?das_id=D0005110112_00000",,"１０min.ボックス 物質と原子・分子"
"中学2年","理科","５月","化学変化と原子・分子","44","NHK for 
    School","花火に利用されている炎色反応について知ることができる番組です。","https://www.nhk.or.jp/rika/daijikken/?das_id=D0005110323_00000",,"大科学実験　実験55　色が変わる炎"
"中学2年","理科","９月","動物の生活と生物の変遷","98～
    103","You Tube","万病撃退「腸」が免疫の鍵だった。免疫を司る臓器についての番組です。","https://www.youtube.com/watch?v=YW0m7euHWew",,"NHKスペシャル　「人体」神秘のネットワーク　第４集『腸』"
"中学2年","理科","通年",,,"スタディ
    チャンネル","塾の先生が3分ほどで授業で学んだキーワードを分かりやすく解説しています。","https://www.studychannel.jp/feature/channel/3","無料会員登録
    (登録するときには保護者の許可が必要です）
    登録しなくても見られます",
"中学2年","理科","通年",,,"e-board","短くまとめられた解説の後、チェックテストにチャレンジできます。","https://www.eboard.jp/list/6/","無料会員登録
    (登録するときには保護者の許可が必要です）
    登録しなくても見られます",
"中学2年","技術・家庭科","通年",,,"NHK for 
    School","身の回りの様々な道具の仕組みがわかります。","https://www.nhk.or.jp/gijutsu/taketech/",,"TAKE　TECH"
"中学3年","国語","５月","光村図書
    熟語の成り立ち","41～42","スク－ルＴＶ","熟語の成り立ちがわかります。チェックテストもあります。","https://school-tv.jp/v/7653","無料会員登録
    (登録するときには保護者の許可が必要です）
    登録しなくても見られます","熟語の成り立ち"
"中学3年","国語","４月","光村図書
    論語","32～34","NHK for 
    School","1500年も前に生きた孔子の言行録。人の道を説いた含蓄ある言葉の中から、有名なフレーズをいくつか紹介します。","https://www.nhk.or.jp/kokugo/classic/?das_id=D0005150087_00000",,"おはなしのくに
    クラシック
    論語（孔子）"
"中学3年","国語","４月","光村図書
    論語","32～34","NHK for 
    School","紀元前、戦乱の中国で道徳を説いた孔子。その思想は東アジアに広がり、2500年もの間、社会や人々の指針となってきた。短い言葉に込められた深い思索を味わえます。","https://www.nhk.or.jp/kokugo/10min_kobun/?das_id=D0005150075_00000",,"10min.ボックス
    古文・漢文
    論語（孔子）"
"中学3年","国語","７月","光村図書
    俳句",,"NHK for 
    School","文字数の少なさゆえに、広くも深くも表現できる俳句。意外な言葉の取り合わせや、多様な解釈を許す表現が、奥行きのある句を生み出す。明治以降の名作を紹介します。","https://www.nhk.or.jp/kokugo/10min_gendaibun/?das_id=D0005150046_00000",,"10min.ボックス
    現代文
    俳句"
"中学3年","国語","１０月","光村図書
    万葉集",,"NHK for School","天皇から庶民まで幅広い読み手の歌を記録した「万葉集」。政治や振興と結びついた宮廷の歌、防人の悲痛な歌など、当時の人々の素朴で力強い調べを味わえます。","https://www.nhk.or.jp/kokugo/10min_kobun/?das_id=D0005150185_00000",,"10min.ボックス古文・漢文
    万葉集"
"中学3年","国語","１０月","光村図書
    おくのほそ道","146～
    152","NHK for School","人生＝旅＝俳句。そんな世界観を構成しているのが「おくの細道」だ。江戸時代、句作を職業として生きた芭蕉。推敲を重ねた句を人生観に重ね合わせながら読みます。","https://www.nhk.or.jp/kokugo/10min_kobun/?das_id=D0005150076_00000",,"10min.ボックス
    古文・漢文
    おくのほそ道（松尾芭蕉）"
"中学3年","国語","通年",,,"スタディ
    チャンネル","塾の先生が3分ほどで授業で学んだキーワードを分かりやすく解説しています。","https://www.studychannel.jp/feature/channel/1","無料会員登録
    (登録するときには保護者の許可が必要です）
    登録しなくても見られます",
"中学3年","国語","通年",,,"e-board","無料会員登録。短くまとめられた解説の後、チェックテストにチャレンジできます。","https://www.eboard.jp/list/13/","無料会員登録
    (登録するときには保護者の許可が必要です）
    登録しなくても見られます",
"中学3年","数学","４月","・多項式と単項式の乗法
    ・多項式と単項式の除法
    ・多項式の乗法","14～17","タダでマナべる「さかぽん先生.tv」","多項式と単項式のかけ算とわり算の仕方、展開の仕方を学ぶことができます。","http://sakaponsensei.tv/jugyou-m/9-1-1.html",,"中学校3年生数学 
    式の展開1"
"中学3年","数学","４月","乗法の公式1","18、20","タダでマナべる「さかぽん先生.tv」","(x+a)(x+b)の展開、和と差の積の公式を使った展開の仕方を学ぶことができます。","http://sakaponsensei.tv/jugyou-m/9-1-2.html",,"中学校3年生数学 
    式の展開2（乗法公式）"
"中学3年","数学","４月","乗法の公式2","19","タダでマナべる「さかぽん先生.tv」","平方の公式を使った展開の仕方を学ぶことができます。","http://sakaponsensei.tv/jugyou-m/9-1-3.html",,"中学校3年生数学 
    式の展開3（乗法公式）"
"中学3年","数学","４月","乗法の公式を使って式を簡単にすること","20","youtube
    「とある男が授業してみた」","乗法の公式を使って式を簡単にする方法を学ぶことができます。","https://www.youtube.com/watch?v=t9WiRkbeGxk",,"【数学】中3-4 展開3"
"中学3年","数学","４月","素因数分解","22～23","youtube
    「とある男が授業してみた」","素因数分解の仕方を学ぶことができます。","https://www.youtube.com/watch?v=vvPzcNRqPoc",,"【数学】中3-5 素数と素因数分解"
"中学3年","数学","４月","素因数分解","22～23","学校図書
    株式会社","素数か素数ではないかを判断する方法を学ぶことができます。","https://www.gakuto.co.jp/docs/ms/sugaku/pdf/h28_3_01.pdf",,"素数について調べよう"
"中学3年","数学","４月","因数分解1","24～27","タダでマナべる「さかぽん先生.tv」","共通因数を取り出す因数分解、乗法の公式を利用する因数分解を学ぶことができます。","http://sakaponsensei.tv/jugyou-m/9-2-1.html",,"中学校3年生数学 
    因数分解"
"中学3年","数学","４月","因数分解2","24～27","タダでマナべる「さかぽん先生.tv」","文字が2つある式の因数分解の仕方を学ぶことができます。","http://sakaponsensei.tv/jugyou-m/9-2-2.html",,"中学校3年生数学 
    因数分解2"
"中学3年","数学","４月","いろいろな因数分解1","28～29","タダでマナべる「さかぽん先生.tv」","共通因数を取り出し、さらに因数分解する方法を学ぶことができます。","http://sakaponsensei.tv/jugyou-m/9-2-3.html",,"中学校3年生数学 
    因数分解3"
"中学3年","数学","４月","いろいろな因数分解2","28～29","タダでマナべる「さかぽん先生.tv」","式の中の共通な部分を1つの文字に置き換えて展開や因数分解をする方法を学ぶことができます。","http://sakaponsensei.tv/jugyou-m/9-2-4.html",,"中学校3年生数学 置き換えを利用した式の展開・因数分解"
"中学3年","数学","４月
    ～５月","展開、因数分解を利用した計算","32～33","タダでマナべる「さかぽん先生.tv」","数の計算を展開や因数分解を使って簡単に解く方法を学ぶことができます。","http://sakaponsensei.tv/jugyou-m/9-2-5.html",,"中学校3年生数学 
    式の展開
    因数分解の利用1"
"中学3年","数学","４月
    ～５月","展開、因数分解を利用した説明や証明","33～35","タダでマナべる「さかぽん先生.tv」","展開や因数分解を利用して、文字式を使った規則性の説明や、図形の性質の証明の仕方を学ぶことができます。","http://sakaponsensei.tv/jugyou-m/9-2-6.html",,"中学校3年生数学 
    式の展開
    因数分解の利用2"
"中学3年","数学","４月
    ～５月","展開、因数分解を利用した説明や証明","33～35","学校図書
    株式会社","展開や因数分解を利用して、九九表についてその性質を説明する問題にチャレンジできます。","https://www.gakuto.co.jp/docs/ms/sugaku/pdf/h28_3_04.pdf",,"九九表の秘密を探ろう！（PDF)"
"中学3年","数学","４月
    ～５月","式の展開と因数分解","31～36","数学の世界WEBコンテンツ","多項式の展開を利用して数当ての謎を解き明かします。","https://www.dainippon-tosho.co.jp/web_contents/math/app/html/j3p044number.html",,"数当てゲームのしくみ"
"中学3年","数学","通年",,,"スタディ
    チャンネル","塾の先生が3分ほどで授業で学んだキーワードを分かりやすく解説しています。","https://www.studychannel.jp/feature/channel/2","無料会員登録
    (登録するときには保護者の許可が必要です）
    登録しなくても見られます",
"中学3年","英語","通年",,,"NHKラジオらじるらじる（インターネットラジオ）","中学3年レベルの文法・表現をベースに「使える英語」を学びます。","https://www.nhk.or.jp/radio/ondemand/detail.html?p=0959_01",,"基礎英語3"
"中学3年","英語","通年",,,"NHK","スマートフォン向け語学学習アプリのダウンロードページ","https://www2.nhk.or.jp/gogaku/","ダウンロードするときには保護者の許可を得てください","NHKゴガク"
"中学3年","英語","通年",,,"観光庁YouTubeチャンネル","海外向け情報発信動画。日本の文化、伝統、生活、ニュースなどについて英語で発信。すでに知っていることを英語でどのように表現するのか学ぶのに最適な番組。発表活動や英作文に生かせます。","https://www.youtube.com/user/visitjapan?gl=JP&hl=ja",,"visitjapan"
"中学3年","英語","通年",,,"聞き流しで覚える英語","画面を見ながら、気軽に中学3年レベルの英単語と意味を確認できます。Part2もあります。","https://www.youtube.com/watch?v=LURzSDjgtHs",,"【聞き流し英単語】中学3年生で習う英単語400語 Part1"
"中学3年","英語","通年",,,"日本英語検定協会","準2級や3級の二次試験を体験できます。面接室に入室してから退出するまでの流れを、音声付アニメーションを見ながら把握できます。","https://www.eiken.or.jp/eiken/exam/virtual/","要 Flash Player","バーチャル二次試験"
"中学3年","英語","通年",,,"FIFA
    公式YouTubeチャンネル","サッカーファン必見。サッカーを通して英語を学ぼう。
    名試合、有名選手のインタビュー動画あるぞ！","https://www.youtube.com/FIFATV",,"FIFA　TV"
"中学3年","英語","通年",,,"Jr.NBA","バスケットボール少年少女必見。NBA選手・コーチによるトレーニング動画を見ながら、英語も学んじゃおう！","https://www.youtube.com/channel/UCuA7P9O4_YEJHa6epPnWAbg",,"jr.nba"
"中学3年","英語","通年",,,"MLB
    公式YouTubeチャンネル","メジャーリーグファン必見。野球を通して英語を学ぼう。日本人メジャー選手の情報ももちろんあります。","https://www.youtube.com/user/MLB/videos?disable_polymer=1",,"MLB"
"中学3年","英語","通年",,,"ワシントンウィザース公式YouTubeチャンネル","八村 塁選手の情報満載。八村選手の英語も聞こう！","https://www.youtube.com/channel/UChvzoBPvORuNGtHTMzjUsIQ",,"Washington
  Wizards"
"中学3年","英語","通年",,,"シカゴカブス公式YouTubeチャンネル","ダルビッシュ選手の流ちょうな英語が聞けます。プレーだけでなく、英語もまねしよう！","https://www.youtube.com/channel/UCerLHafx4QJphXRqz5xWVjg",,"Cubs Baseball"
"中学3年","英語","通年",,,"Learn English With TV Series","ハリーポッターの登場人物たちの英語を見て、聞いてみよう！","https://www.youtube.com/watch?v=JQYOo1PEzvE",,"ハリーポッターで英語を学ぶ"
"中学3年","英語","通年",,,"日本英語検定協会","3級や4級のスピーキングテストを体験できます。","https://www.eiken.or.jp/eiken/exam/virtual/",,"バーチャルスピーキングテスト"
"中学3年","英語","通年",,,"スタディ
    チャンネル","塾の先生が3分ほどで授業で学んだキーワードを分かりやすく解説しています。","https://www.studychannel.jp/feature/channel/5","無料会員登録
    (登録するときには保護者の許可が必要です）
    登録しなくても見られます",
"中学3年","社会","通年",,"公民分野","NHK for 
    School","公民的分野で扱う内容を中心に、社会の諸問題をより身近に感じて、学ぶことができる番組です。","http://www.nhk.or.jp/syakai/active10_koumin/",,"アクティブ10公民"
"中学3年","社会","通年",,"公民分野","NHK for 
    School","「国会や内閣」「少子高齢化」などテーマに関連した映像資料が見られます。","http://www.nhk.or.jp/syakai/10min_koumin/",,"10min.ボックス公民"
"中学3年","社会","通年",,"地・歴・
    公","スクールTV","授業の内容を10分ほどでまとめてあります。番組の途中にも問題が出てくるなど飽きないで楽しめます。","https://school-tv.jp/","無料会員登録
    (登録するときには保護者の許可が必要です）
    登録しなくても見られます。PCで見てください",
"中学3年","社会","通年",,"地・歴・
    公","スタディ
    チャンネル","塾の先生が3分ほどで授業で学んだキーワードを分かりやすく解説しています。","https://www.studychannel.jp/","無料会員登録
    (登録するときには保護者の許可が必要です）
    登録しなくても見られます",
"中学3年","社会","通年",,"地・歴・
    公","e-board","無料会員登録。短くまとめられた解説の後、チェックテストにチャレンジできます。","https://www.eboard.jp/list/3/","無料会員登録
    (登録するときには保護者の許可が必要です）
    登録しなくても見られます",
"中学3年","社会","通年",,"地・歴・
    公","YouTube","個人作成動画。","https://www.youtube.com/user/toaruotokohaichi",,"とある男が授業をしてみた"
"中学3年","社会","通年",,"地・歴・
    公","YouTube","塾の講師による学習動画です。テーマに沿って10分程度にまとめられており、予習や復習に利用しやすいです。","https://www.youtube.com/watch?v=tsHewt5zsR4",,"動画でわかる映像授業Try IT"
"中学3年","社会","通年",,"歴史
    分野","YouTube","主に戦国時代に活躍した人物の生涯や関係した出来事を紹介する動画集です。興味のある人物について知るのに、よいきっかけになりそうです。","https://www.youtube.com/channel/UCT-xz7Ot0fmEcyVAbnVftmw/featured?disable_polymer=1",,"歴史じっくり紀行"
"中学3年","社会","通年",,"地理
    分野","YouTube","グーグルアース の画像を使って世界や日本 の地形問題
  を作成しています。白地図とは違うリアルな図なので知識の整理や力試しとして利用できます。","https://www.youtube.com/channel/UCWHF0EtCmDmOOsFeZcPHppw",,"歴トレ
    中学高校入試 日本地理 地形問題 150問"
"中学3年","社会","通年",,,"YouTube","お笑いコンビ「オリエンタルラジオ」の中田さんが個人で作成している動画番組。楽しく見ることができます。","https://www.youtube.com/channel/UCFo4kqllbcQ4nV83WCyraiw",,"中田敦彦のyoutube大学"
"中学3年","社会","通年",,"地・公","WWFジャパン","「持続可能な社会」をつくるためのWWFによる取り組みを分かりやすく紹介した動画です。","https://youtu.be/03jIQch3q9I",,"持続可能な社会を創る"
"中学3年","社会","通年",,"地・歴","YouTube","個人作成動画。授業の動画もありますが、作者が歴史上有名な場所（吉野ヶ里遺跡、出島、志賀島など）に直接行ってリポートしているので大変面白いです。","https://www.youtube.com/channel/UC3xXwmbXFOzkPP9fWVD8xhg",,"travel report channelトラレポチャンネル"
"中学3年","社会
    総合","通年",,,"福井県教育
    博物館","楽しみながらふるさと福井を学べるページです。
    興味がわいたらさらに調べてみよう。","https://www.fukui-educate.jp/museum/",,"学びのページ"
"中学3年","理科","４月",,"水溶液とイオン
    8～38","NHK for 
    School","銀イオンの水溶液に銅を入れると電流を流さず銀メッキができる不思議について仮説立てるため、金属と水溶液の関係を多面的に分析する番組です。","http://www.nhk.or.jp/rika/active10/?das_id=D0005110478_00000",,"アクティブ10理科　金属イオン"
"中学3年","理科","１２月","地球と宇宙","174～191","You Tube","太陽、水星、金星、地球、火星、小惑星の画像を見ることができます。","https://www.youtube.com/watch?v=Jp4Dsus-BQU",,"惑星の旅1"
"中学3年","理科","通年",,,"スタディ
    チャンネル","塾の先生が3分ほどで授業で学んだキーワードを分かりやすく解説しています。","https://www.studychannel.jp/feature/channel/3","無料会員登録
    (登録するときには保護者の許可が必要です）
    登録しなくても見られます",
"中学3年","理科","通年",,,"e-board","短くまとめられた解説の後、チェックテストにチャレンジできます。","https://www.eboard.jp/list/6/","無料会員登録
    (登録するときには保護者の許可が必要です）
    登録しなくても見られます",
"中学3年","技術
    家庭","通年",,,"NHK for 
    School","身の回りの様々な道具の仕組みがわかります。","https://www.nhk.or.jp/gijutsu/taketech/",,"TAKE　TECH"
"小学1年","国語","４月","えんぴつと
    なかよし","上
    14～15","日本文教出版","文字を書くときの姿勢がわかります。
    きれいな字を書くには姿勢が大切ですね。","https://www.nichibun-g.co.jp/2020dc/sho/01/",,"しょうがくしょしゃ
    1ねん"
"小学1年","国語","４月","おはなし
    たのしいな","上
    10～11","光村図書","教科書教材に関連した本の紹介をしています。","https://www.mitsumura-
    tosho.co.jp/2020s_kyokasho
    /download/kokugo/2020k_hon_02.pdf",,"教材末｢この本、読もう｣図書一覧"
"小学1年","国語","通年","ひらがな",,"YouTube","書き方と読み方が学べます。","https://www.youtube.com/watch?v=5hYz3Kn08Oo",,"ひらがなをおぼえよう
    あ行"
"小学1年","国語","通年","ひらがな",,"YouTube","書き方と読み方が学べます。","https://www.youtube.com/watch?v=jlxNQ0G-YhY",,"ひらがなをおぼえよう
    か行"
"小学1年","国語","通年","ひらがな",,"YouTube","書き方と読み方が学べます。","https://www.youtube.com/watch?v=e4SXFcNcomQ",,"ひらがなをおぼえよう
    さ行"
"小学1年","国語","通年","ひらがな",,"YouTube","書き方と読み方が学べます。","https://www.youtube.com/watch?v=FvEs8sOFlpQ",,"ひらがなをおぼえよう
    た行"
"小学1年","国語","通年","ひらがな",,"YouTube","書き方と読み方が学べます。","https://www.youtube.com/watch?v=Wewz9QDOYhw",,"ひらがなをおぼえよう
    な行"
"小学1年","国語","通年","ひらがな",,"YouTube","書き方と読み方が学べます。","https://www.youtube.com/watch?v=6YpWwGRgTu8",,"ひらがなをおぼえよう
    は行"
"小学1年","国語","通年","ひらがな",,"YouTube","書き方と読み方が学べます。","https://www.youtube.com/watch?v=0Ykz0KqPLFU",,"ひらがなをおぼえよう
    ま行"
"小学1年","国語","通年","ひらがな",,"YouTube","書き方と読み方が学べます。","https://www.youtube.com/watch?v=QLqxQ85wLBo",,"ひらがなをおぼえよう
    や行"
"小学1年","国語","通年","ひらがな",,"YouTube","書き方と読み方が学べます。","https://www.youtube.com/watch?v=Ogb5rRoXlOg",,"ひらがなをおぼえよう
    ら行"
"小学1年","国語","通年","ひらがな",,"YouTube","書き方と読み方が学べます。","https://www.youtube.com/watch?v=MIw5tSDiLkQ",,"ひらがなをおぼえよう
    わ行"
"小学1年","国語","通年","ひらがな",,"YouTube","五十音をたのしい歌で学びます。","https://www.youtube.com/watch?v=gF6-VvWL_po",,"あいうえうたお♪"
"小学1年","国語","通年","ものがたり",,"NHK for School","ももたろう、きんたろう、きたかぜとたいよう　などの物語が楽しめます。","https://www.nhk.or.jp/kokugo/ohanashi/?das_id=D0005150127_00000",,"おはなしのくに"
"小学1年","国語","通年","ことば",,"NHK for School","ことばのきまりを楽しく学べます。","https://www.nhk.or.jp/kokugo/drill/origin/schedule.html",,"ことばドリル"
"小学1年","国語","通年","漢字",,"eboard","漢字がしゅるい別に集まっています。
    問題もついています。","https://www.eboard.jp/list/12/",,"小学漢字"
"小学1年","国語","３月","だってだってのおばあさん","下140","光村図書","「だってだってのおばあさん」の朗読を聞くことができます。","https://www.mitsumura-tosho.co.jp/oshirase/shien_taio/kokugo1.html",,"だってだってのおばあさん／声：宮崎美子"
"小学1年","算数","３月","おおきい　ほう　
    すくない　ほう","152～
    153","教科書
    ぴったりテスト","2つの数量のちがいと一方の数からもう一方の数を求めることができるようにします。","http://www.smart-lecture.com/pittaritest/pages/sub01.php","期間限定
    要プレーヤーダウンロード
    （ThinkBoardプレーヤー）
    要無料会員登録","21　おおきい　ほう
    すくない　ほう"
"小学1年","算数","３月","大きさくらべ（2）","156～
    157","教科書
    ぴったりテスト","広さくらべを通して，
    広いせまいの考え方を理解します。","http://www.smart-lecture.com/pittaritest/pages/sub01.php","期間限定
    要プレーヤーダウンロード
    （ThinkBoardプレーヤー）
    要無料会員登録","22　大きさくらべ（2）"
"小学1年","算数","通年",,,"NHK for 
    School","ワンが得意な「算数」を使って、町の人たちのトラブルを解決していく痛快コメディドラマです。（全１９回）","https://www.nhk.or.jp/sansuu/wan/",,"さんすう犬ワン"
"小学1年","図工","通年",,,"NHK for 
    School","自分の思いをこめた秘密基地を立体に表しましょう。","http://www.nhk.or.jp/zukou/kiminara/?das_id=D0005210002_00000",,"キミなら何つくる？"
"小学1年","図工","通年",,,"日本文教出版","図工で使ういろいろな道具の使い方がわかります。","https://www.nichibun-g.co.jp/learning_support/yougle_special/zugakosaku/index.html",,"""用具の使い方""Web動画コンテンツ『ようぐる』"
"小学1年","音楽","通年",,,"まなびリンク","手遊び歌や打楽器の演奏の仕方がわかります。","https://www.kyoiku-shuppan.co.jp/m-link/ongaku/1.html",,"おんがくのおくりもの1"
"小学1年","プログラミング","通年",,,"Viscuit","簡単に自分の書いた絵を動かせます。
    工夫すればいろいろなことができます。","https://www.viscuit.com/",,"Viscuit"
"小学1年/小学2年/小学3年/小学4年/小学5年/小学6年","国語","通年","漢字",,"eboard","漢字がしゅるい別に集まっています
    問題もついています","https://www.eboard.jp/list/12/",,"小学漢字"
"小学1年/小学2年/小学3年/小学4年/小学5年/小学6年","図工","通年",,,"日本文教出版","図工で使ういろいろな道具の使い方がわかります。","https://www.nichibun-g.co.jp/learning_support/yougle_special/zugakosaku/index.html",,"""用具の使い方""Web動画コンテンツ『ようぐる』"
"小学1年/小学2年/小学3年/小学4年/小学5年/小学6年","プログラミング","通年",,,"Viscuit","簡単に自分の書いた絵を動かせます。
    工夫すればいろいろなことができます。","https://www.viscuit.com/",,"Viscuit"
"小学2年","国語","４月","ふきのとう","上
    13～27","光村図書","教科書教材に関連した本の紹介をしています。","https://www.mitsumura-
    tosho.co.jp/2020s_kyokasho
    /download/kokugo/2020k_hon_02.pdf",,"教材末｢この本、読もう｣図書一覧"
"小学2年","国語","４月","春がいっぱい","上
    30～31","Yahoo!
    きっず図鑑","春の植物を探すことができます。","https://kids.yahoo.co.jp/zukan/plant/season/spring/",,"花の季節からさがす"
"小学2年","国語","３月","十二支のはじまり","下130","光村図書","「十二支のはじまり」の朗読を聞くことができます。","https://www.mitsumura-tosho.co.jp/oshirase/shien_taio/kokugo2.html",,"十二支のはじまり／声：中嶋朋子"
"小学2年","国語","通年","ものがたり",,"NHK for School","ももたろう、きんたろう、きたかぜとたいよう　などの物語が楽しめます。","https://www.nhk.or.jp/kokugo/ohanashi/?das_id=D0005150127_00000",,"おはなしのくに"
"小学2年","国語","通年","ことば",,"NHK for School","ことばのきまりを楽しく学べます。","https://www.nhk.or.jp/kokugo/drill/origin/schedule.html",,"ことばドリル"
"小学2年","国語","通年","言葉あそび",,"朝日新聞","文字や言葉の意味や使い方がたのしく学べます。","https://houkago.asahi.com/genre/kotoba.html?iref=TOP_recommendList",,"たのしーと"
"小学2年","国語","通年","漢字",,"eboard","漢字がしゅるい別に集まっています。
    問題もついています。","https://www.eboard.jp/list/12/",,"小学漢字"
"小学2年","算数","３月","はこの形","92～97","教科書ぴったりテスト","はこの面の形や，面・辺・ちょう点の数をしらべられるようにしよう。","http://www.smart-lecture.com/pittaritest/pages/sub02.php","期間限定
    要プレーヤーダウンロード（ThinkBoardプレーヤー）
    要無料会員登録","2　はこづくり"
"小学2年","算数","３月","分数","100～
    103","教科書ぴったりテスト","ものをいくつかに分けたときの大きさのあらわし方がわかるようにしよう。","http://www.smart-lecture.com/pittaritest/pages/sub02.php","期間限定
    要プレーヤーダウンロード（ThinkBoardプレーヤー）
    要無料会員登録","16　分数"
"小学2年","算数","４月","ひょうと　グラフ","上121","わくわく算数","すきな　あそびをしらべを　しましょう。","https://www.youtube.com/watch?v=gvkNTIkv0Ow&feature=youtu.be","WEBブラウザ可
    ThinkBoard可","1ひょうとグラフ 01"
"小学2年","算数","４月","ひょうと　グラフ","上132","わくわく算数","1の　すきな　あそびしらべで，同じ　あそびが　すきな　人の　数が　よく　わかるように　あらわしましょう。","https://www.youtube.com/watch?v=LLfyhY3QtVE&feature=youtu.be","WEBブラウザ可
    ThinkBoard可","1ひょうとグラフ 02"
"小学2年","算数","４月","ひょうと　グラフ","上14～151","わくわく算数","がっきゅうぶんこに　ある　本の　数しらべを　しましょう。","https://www.youtube.com/watch?v=BuhMSt0HnQw&feature=youtu.be","WEBブラウザ可
    ThinkBoard可","1ひょうとグラフ 01 ひょうやグラフをつかって"
"小学2年","算数","４月","ひょうと　グラフ","上152","わくわく算数","1の　ひょうや　グラフを　見て，気が　ついた　ことを　いいましょう。","https://www.youtube.com/watch?v=7GSh2mSXc50&feature=youtu.be","WEBブラウザ可
    ThinkBoard可","1ひょうとグラフ 02 ひょうやグラフをつかって"
"小学2年","算数","４月","時こくと　時間","上181","わくわく算数","家を　出たから　学校に　つくまでの　時間を　いいましょう。","https://www.youtube.com/watch?v=vFJ8GkT8ldE&feature=youtu.be","WEBブラウザ可
    ThinkBoard可","1時こくと時間 01"
"小学2年","算数","４月","時こくと　時間","上193","わくわく算数","つぎの　時間を　しらべましょう。","https://www.youtube.com/watch?v=6Jh2gimYHAs&feature=youtu.be","WEBブラウザ可
    ThinkBoard可","2時こくと時間 03"
"小学2年","算数","４月","時こくと　時間","上201","わくわく算数","時こくや　時間に　ついて　しらべましょう。","https://www.youtube.com/watch?v=tnRonN0k1FE&feature=youtu.be","WEBブラウザ可
    ThinkBoard可","2時こくと時間 01
    午前と午後"
"小学2年","算数","４月","たし算と　ひき算","上251","わくわく算数","17＋3の　計算を　して　みましょう。","https://www.youtube.com/watch?v=54UXw7f1YtE&feature=youtu.be","WEBブラウザ可
    ThinkBoard可","3たし算とひき算
    1たし算 01"
"小学2年","算数","４月","たし算と　ひき算","上252","わくわく算数","36に　4を　たすと　いくつに　なりますか。","https://www.youtube.com/watch?v=57aIlO5KaFY&feature=youtu.be","WEBブラウザ可
    ThinkBoard可","3たし算とひき算
    1たし算 02"
"小学2年","算数","４月","たし算と　ひき算","上266","わくわく算数","色紙が　17まい　あります。4まい　ふえると　何まいに　なりますか。","https://www.youtube.com/watch?v=rRJ0D73xS24&feature=youtu.be","WEBブラウザ可
    ThinkBoard可","3たし算とひき算
    1たし算 06"
"小学2年","算数","４月","たし算と　ひき算","上277","わくわく算数","38＋3の　計算の　しかたを　声に　出して　いって　みましょう。","https://www.youtube.com/watch?v=WludVoOUV5Q&feature=youtu.be","WEBブラウザ可
    ThinkBoard可","3たし算とひき算
    1たし算 07"
"小学2年","算数","４月","たし算と　ひき算","上291","わくわく算数","20－8の　計算を　して　みましょう。","https://www.youtube.com/watch?v=S_-kMMiu0uk&feature=youtu.be","WEBブラウザ可
    ThinkBoard可","3たし算とひき算
    2ひき算 01"
"小学2年","算数","４月","たし算と　ひき算","上292","わくわく算数","30から　6を　ひくと　いくつに　なりますか。","https://www.youtube.com/watch?v=6vhIMspZoOM&feature=youtu.be","WEBブラウザ可
    ThinkBoard可","3たし算とひき算　2ひき算 02"
"小学2年","算数","４月","たし算と　ひき算","上306","わくわく算数","色紙が　21まい　あります。8まい　つかうと　何まい　のこりますか。","https://www.youtube.com/watch?v=39_OWQIz0pU&feature=youtu.be","WEBブラウザ可
    ThinkBoard可","3たし算とひき算
    2ひき算 06"
"小学2年","算数","４月","たし算と　ひき算","上317","わくわく算数","42－9の　計算の　しかたを　声に　出して　いって　みましょう。","https://www.youtube.com/watch?v=a8juFls4bCY&feature=youtu.be","WEBブラウザ可
    ThinkBoard可","3たし算とひき算
    2ひき算 07"
"小学2年","算数","通年",,,"NHK for School","ワンが得意な「算数」を使って、町の人たちのトラブルを解決していく痛快コメディドラマです。","https://www.nhk.or.jp/sansuu/wan/",,"さんすう犬ワン"
"小学2年","図工","通年",,,"NHK for School","自分が感じた花のイメージをもとに、材料や道具のとくちょうのいかして絵をかく。","http://www.nhk.or.jp/zukou/kiminara/",,"キミなら何つくる？
    えがこう！感じてフラワー"
"小学2年","図工","通年",,,"日本文教出版","図工で使ういろいろな道具の使い方がわかります。","https://www.nichibun-g.co.jp/learning_support/yougle_special/zugakosaku/index.html",,"""用具の使い方""Web動画コンテンツ『ようぐる』"
"小学2年","音楽","通年",,,"まなびリンク","手遊び歌や打楽器の演奏の仕方がわかります。","https://www.kyoiku-shuppan.co.jp/m-link/ongaku/2.html",,"音楽のおくりもの2"
"小学2年","プログラミング","通年",,,"Viscuit","簡単に自分の書いた絵を動かせます。
    工夫すればいろいろなことができます。","https://www.viscuit.com/",,"Viscuit"
"小学3年","国語","４月","きつつき
    の商売","上
    15～29","光村図書","教科書教材に関
    連した本の紹介をしています。","https://www.mitsumura-
    tosho.co.jp/2020s_kyokasho
    /download/kokugo/2020k_hon_02.pdf",,"教材末｢この本、読もう｣図書一覧"
"小学3年","国語","通年","国語辞典を使おう","32～33","YouTube","国語辞典の使い方が説明されています。","https://www.youtube.com/watch?v=VdHul1NIuK8",,"国語辞典のつかいかた"
"小学3年","国語","４月","国語辞典を使おう","上
    32～34","YouTube","国語辞典の引き方がとてもくわしくわかります。","https://www.youtube.com/watch?v=GB6aUOrU2OI&feature=youtu.be",,"やさしくまるごと小学国語・国語辞典の引き方・漢字辞典の引き方1"
"小学3年","国語","４月","春のくらし","上
    36～37","NHK　for School","植物にまつわる言葉を学べます。","http://www.nhk.or.jp/kokugo/kotoba/?das_id=D0005150005_00000",,"ひょうたんからコトバ"
"小学3年","国語","通年","四字熟語",,"YouTube","2年生で学習した漢字を使った四字熟語づくりに挑戦しましょう。","https://www.youtube.com/watch?v=JO8e5iItbys",,"2年生の漢字で書ける四字熟語1　1/3"
"小学3年","国語","３月","モチモチの木","下
    104","光村図書","「モチモチの木」の朗読を聞くことができます。","https://www.mitsumura-tosho.co.jp/oshirase/shien_taio/kokugo3.html",,"モチモチの木／
    声：小野寺昭"
"小学3年","国語","通年","慣用句
    ことわざ
    四字熟語",,"NHK　for School","いろいろなテーマごとに、言葉を楽しく学べます。","http://www.nhk.or.jp/kokugo/kotoba/origin/program_list.html",,"ひょうたんからコトバ"
"小学3年","国語","４月","自己紹介",,"NHK　for School","印象にのこる自己紹介になるよう、「話題」を決めることを学びます。","https://www.nhk.or.jp/kokugo/otsuta/?das_id=D0005150161_00000",,"お伝と伝じろう
    
    はじまりは自己紹介"
"小学3年","国語","通年","ローマ字",,"キョクトウ・アソシエイツ","パソコンのキーボードに正しくローマ字入力するゲームができます。","http://www.kyokuto-note.co.jp/community/typing/","Flashが必要","キョクトウ坊やのタイピングゲーム"
"小学3年","国語","通年","漢字",,"eboard","漢字がしゅるい別に集まっています。
    問題もついています。","https://www.eboard.jp/list/12/",,"小学漢字"
"小学3年","算数","３月","□を使った式","98～103","教科書ぴったりテスト","□を使った式がとけるようになろう。","http://www.smart-lecture.com/pittaritest/pages/sub03.php","期間限定
    要プレーヤーダウンロード（ThinkBoardプレーヤー）
    要無料会員登録","18　□を使った式"
"小学3年","算数","３月","そろばん","106～110","教科書ぴったりテスト","そろばんを使って，たし算やひき算ができるようにしよう。","http://www.smart-lecture.com/pittaritest/pages/sub03.php","期間限定
    要プレーヤーダウンロード（ThinkBoardプレーヤー）
    要無料会員登録","19　そろばん"
"小学3年","算数","４月","九九の表とかけ算","上111","わくわく算数","上の図は，九九の表の一部です。☆でかくれた数は何ですか。","https://www.youtube.com/watch?v=zKdTHWQlsb0&feature=youtu.be","WEBブラウザ可
    ThinkBoard可","1九九の表とかけ算 01 かけ算のきまり"
"小学3年","算数","４月","九九の表とかけ算","上121","わくわく算数","ひろとさんはおはじき入れをしました。右の表はそのせいせきです。","https://www.youtube.com/watch?v=mHF6d0VyxFw&feature=youtu.be","WEBブラウザ可
    ThinkBoard可","1九九の表とかけ算 01 10や0のかけ算"
"小学3年","算数","４月","九九の表とかけ算","上122","わくわく算数","あ のとく点は何点ですか。","https://www.youtube.com/watch?v=xWubKP7BEsM&feature=youtu.be","WEBブラウザ可
    ThinkBoard可","1九九の表とかけ算 02 10や0のかけ算"
"小学3年","算数","４月","九九の表とかけ算","上136","わくわく算数","い のとく点は何点ですか。","https://www.youtube.com/watch?v=rjWzjBERphs&feature=youtu.be","WEBブラウザ可
    ThinkBoard可","1九九の表とかけ算 06 10や0のかけ算"
"小学3年","算数","４月","九九の表とかけ算","上137","わくわく算数","え のとく点は何点ですか。","https://www.youtube.com/watch?v=JeX3aJb-xCM&feature=youtu.be","WEBブラウザ可
    ThinkBoard可","1九九の表とかけ算 07 10や0のかけ算"
"小学3年","算数","４月","九九の表とかけ算","上141","わくわく算数","6×□＝24 と □×7＝21 の□にあてはまる数をみつけましょう。","https://www.youtube.com/watch?v=EoqTdSHFJJo&feature=youtu.be","WEBブラウザ可
    ThinkBoard可","1九九の表とかけ算 01 かけ算を使って"
"小学3年","算数","４月","わり算","上21～221","わくわく算数","12このいちごを，3人に同じ数ずつ分けます。1人分は何こになりますか。","https://www.youtube.com/watch?v=Z1KMFoYdJo4&feature=youtu.be","WEBブラウザ可
    ThinkBoard可","2わり算　1分け方とわり算 01 3人に分ける"
"小学3年","算数","４月","わり算","上233","わくわく算数","24このあめを，3人に同じ数ずつ分けると，1人分は何こになりますか。","https://www.youtube.com/watch?v=75jnhf3l4ac&feature=youtu.be","WEBブラウザ可
    ThinkBoard可","2わり算　
    1分け方とわり算 
    03 3人に分ける"
"小学3年","算数","４月","わり算","上24～251","わくわく算数","12このあめを，1人に3こずつ分けると，何人に分けられますか。","https://www.youtube.com/watch?v=E3wMaK-yzDo&feature=youtu.be","WEBブラウザ可
    ThinkBoard可","2わり算　
    1分け方とわり算 
    01 3こずつ分ける"
"小学3年","算数","４月","わり算","上261","わくわく算数","15÷3の式になる2つの問題があります。この2つの問題をくらべてみましょう。","https://www.youtube.com/watch?v=Rf3tsxfqBY4&feature=youtu.be","WEBブラウザ可
    ThinkBoard可","2わり算　
    1分け方とわり算 
    01 2つの分け方"
"小学3年","算数","４月","わり算","上271","わくわく算数","だいちさんとひなたさんは，右の絵を見て，12÷3の式になる問題をつくりました。□にことばをつけたして，問題をかんせいさせましょう。","https://www.youtube.com/watch?v=PqKvxJwyrwI&feature=youtu.be","WEBブラウザ可
    ThinkBoard可","2わり算　
    1分け方とわり算 
    01 問題カードづくり"
"小学3年","算数","４月","わり算","上272","わくわく算数","身のまわりからわり算になる問題をいろいろつくって，カードにかきましょう。また，つくった問題を発表しましょう。","https://www.youtube.com/watch?v=-PqHsg-SrPE&feature=youtu.be","WEBブラウザ可
    ThinkBoard可","2わり算　
    1分け方とわり算 
    02 問題カードづくり"
"小学3年","算数","４月","わり算","上291","わくわく算数","30このいちごを，1皿に5こずつのせました。お皿は，まだ4まいのこっています。お皿は，全部で何まいありますか。","https://www.youtube.com/watch?v=HS6rSY2po_U&feature=youtu.be","WEBブラウザ可
    ThinkBoard可","2わり算　
    2わり算を使った問題 01"
"小学3年","算数","４月","わり算","上292","わくわく算数","あさがおのたね21つぶを，1はちに3つぶずつまきました。そのうち2はちをとなりへあげました。はちは，いくつのこっていますか。","https://www.youtube.com/watch?v=mq2pmbWTN0U&feature=youtu.be","WEBブラウザ可
    ThinkBoard可","2わり算　
    2わり算を使った問題 02"
"小学3年","算数","４月","わり算","上301","わくわく算数","同じ色の色紙を，4人に同じ数ずつ分けます。1人分は，それぞれ何まいですか。","https://www.youtube.com/watch?v=tOMiee80ZxU&feature=youtu.be","WEBブラウザ可
    ThinkBoard可","2わり算　
    3答えが九九にないわり算 01"
"小学3年","算数","４月","わり算","上311","わくわく算数","3こで60円のチョコレートがあります。チョコレート1こ分は年円ですか。","https://www.youtube.com/watch?v=AcpEa5nicew&feature=youtu.be","WEBブラウザ可
    ThinkBoard可","2わり算　
    3答えが九九にないわり算 01 
    答えが10をこえるわり算"
"小学3年","算数","４月","わり算","上313","わくわく算数","69÷3の計算のしかたを考えましょう。","https://www.youtube.com/watch?v=fDJjnHLmmp8&feature=youtu.be","WEBブラウザ可
    ThinkBoard可","2わり算　
    3答えが九九にないわり算 03 
    答えが10をこえるわり算"
"小学3年","算数","３月","見やすく整理して表そう〔ぼうグラフと表〕","下100","新しい算数","教科書と連動しながら学習をサポート（東京書籍）","https://ten.tokyo-shoseki.co.jp/digi-contents/shou/sansu/content.html?content=3B_100","Flash要","ぼうグラフ"
"小学3年","算数","３月","そろばん","下106","新しい算数","教科書と連動しながら学習をサポート（東京書籍）","https://ten.tokyo-shoseki.co.jp/digi-contents/shou/sansu/content.html?content=3B_106","Flash要","そろばん"
"小学3年","算数","通年",,,"NHK for School","ワンが得意な「算数」を使って、町の人たちのトラブルを解決していく痛快コメディドラマです。","https://www.nhk.or.jp/sansuu/wan/",,"さんすう犬ワン"
"小学3年","社会","４月","わたしのまち
    みんなのまち","6～35","NHK for School","地図記号の意味や由来、その記号に関係ある仕事のことがわかります。","https://www.nhk.or.jp/syakai/tizu/",,"知っトク地図帳"
"小学3年","社会","３月","かわってきた人々のくらし","112～
    123","NHK for School","地域の年中行事であるお祭りの意義や後生に伝え続けていくことの意義について学ぶことができます。","https://www.nhk.or.jp/syakai/konomachi/?das_id=D0005120427_00000",,"コノマチ☆リサーチ
    「第17回”オマツリ”ってなんだ？」"
"小学3年","社会","３月","かわってきた人々のくらし","112～
    123","NHK for School","古い建物を保存する運動をしている人たちを通して、地域に残されている古い建物への想いについて学ぶことができます。","https://www.nhk.or.jp/syakai/konomachi/?das_id=D0005120428_00000",,"コノマチ☆リサーチ
    「第18回どうして”むかしのモノ”が大切にされてるんだ？」"
"小学3年","理科","３月","物の重さを比べる","134～
    143","福井県教育総合研究所","物の重さを比べてみよう。形が変わると物の重さは変わるかな？","https://www.youtube.com/watch?v=PeLmLa3CYrM&feature=youtu.be",,"小学校３年生 物の重さを比べる"
"小学3年","理科","３月","物の重さ調べ","134～
    143","福井県教育総合研究所","物の重さを調べてみよう。体積と重さにはどんな関係があるのでしょうか？","https://www.youtube.com/watch?v=nh3-j9xffvM&feature=youtu.be",,"小学校３年生 物の重さ調べ"
"小学3年","理科","３月","物の重さをくらべよう","134～
    143","NHK for School","身の周りにあるさまざまなものの重さを比べながら，ものの形や体積と重さとの関係について考えて見ましょう。","https://www.nhk.or.jp/rika/fushigi3/?das_id=D0005110088_00000",,"《ふしぎがいっぱい3年生》
    「いちばん重いのは？」"
"小学3年","理科","４月","春のしぜんにとび出そう","6～13","NHK for School","いろいろな植物や動物を比べながら，似ているところや違うところを見つけてみましょう。
    　植物や動物を研究した偉人や虫めがねの使い方，観察の仕方も紹介されています。","http://www.nhk.or.jp/rika/endless3/",,"《ふしぎエンドレス3年》
    「ふしぎを見つけるには？（※12）」☆1～3分ほどの短い動画（※）で構成されており，自由に選択して視聴できます。"
"小学3年","理科","４月","たねをまこう","14～21","NHK for School","いろいろな種類の種やホウセンカやヒマワリの育ち方を比べながら，似ているところや違うところを見つけてみましょう。種のまき方や根の観察の仕方も紹介されています。","https://www.nhk.or.jp/rika/fushigi3/?das_id=D0005110002_00000",,"《ふしぎエンドレス3年》
    「たねのふしぎ」
    「植物の育ち方とからだ」"
"小学3年","理科","通年",,,"NHK for School","いつも何気なく見ている物の中にも，たくさんの「ふしぎ」がひそんでいます。そんな「ふしぎ」を見つけるために役立つ「科学の見方」が紹介されています。","http://www.nhk.or.jp/rika/mikata/",,"《カガクノミカタ》
    
    ☆第1回～第20回まであり，一つが10分となっています。"
"小学3年","理科","通年",,,"NHK for School","目がはなせなくなってしまうほど大きなスケールの科学実験が紹介されています。特製のコートに身を包んだ3色の実験レンジャーたちが，その様子を撮影しています。","http://www.nhk.or.jp/rika/daijikken/",,"《大科学実験》"
"小学3年","理科","通年",,,"NHK for School","カマキリ先生と子カマキリたちが，身近にいる昆虫のすごさと面白さを伝えています。","http://www.nhk.or.jp/school/sugoize/",,"《昆虫すごいぜ！》"
"小学3年","理科","通年",,,"NHK for School","画像の中の昆虫を自由に拡大したり回転させたりしながら，いろいろな角度から観察することができます。","http://www.nhk.or.jp/school/sukudo/zukan/",,"《ものすごい図鑑》"
"小学3年","理科","通年",,,"NHK for School","世界にちらばった「カプセル」の中には，ふしぎをとくための動画がつまっています。ふしぎの旅のナビゲーターといっしょに，カプセルを集める旅に出かけてみましょう。","http://www.nhk.or.jp/school/rikamap/",,"《りかまっぷ～ふしぎのカプセルを集めよう！～》"
"小学3年","図工","通年",,,"NHK for
  School","用具の特徴を生かしたり、手でかいたりするなど、表し方を工夫しながら、絵に表します。","http://www.nhk.or.jp/zukou/kiminara/",,"えがこう！感じてフラワー"
"小学3年","図工","通年",,,"日本文教出版","図工で使ういろいろな道具の使い方がわかります。","https://www.nichibun-g.co.jp/learning_support/yougle_special/zugakosaku/index.html",,"""用具の使い方""Web動画コンテンツ『ようぐる』"
"小学3年","音楽","通年",,,"まなびリンク","いろいろな楽器の演奏の仕方がわかります。
    音楽鑑賞もできます。","https://www.kyoiku-shuppan.co.jp/m-link/ongaku/3.html",,"音楽のおくりもの3"
"小学3年","音楽","通年",,,"ヤマハデジタル音楽教材","ソプラノリコーダーの演奏の仕方がよくわかります。
    採点機能もあります。
    採点機能を使うにはGoogleChromeで検索してください。","https://ses.yamaha.com/products/experience/","５月６日まで","ソプラノリコーダー授業"
"小学3年","プログラミング","通年",,,"Viscuit","簡単に自分の書いた絵を動かせます。
    工夫すればいろいろなことができます。","https://www.viscuit.com/",,"Viscuit"
"小学3年","英語","４月","Unit1
    Hello!","2～5","NHK for School","リズムに合わせながら自分の名前を紹介する言い方が分かります。","https://www.nhk.or.jp/eigo/beat2/",,"エイゴビート2"
"小学3年","英語","４月","Unit1
    Hello!","2～5","NHK for School","リズムに合わせながら、自分の名前の自己紹介の言い方が分かります。","https://www.nhk.or.jp/eigo/beat/?das_id=D0005140224_00000",,"エイゴビート"
"小学3年","英語","３月","Unit9
    Who are you?","34～40","NHK for School","「あの人はだれ？」と質問する言い方が分かります。","https://www.nhk.or.jp/eigo/beat/?das_id=D0005140236_00000",,"エイゴビート"
"小学3年","英語","通年",,,"YouTube","小学校で学習する範囲を3～4分程度の動画で学習することができます。","https://www.youtube.com/playlist?list=PLFK0gaZkmkxDiYmtu6b2PCkO07NqZ5gmW",,"やさしくまるごと小学英語"
"小学3年/小学4年/小学5年/小学6年","国語","通年","慣用句
    ことわざ
    四字熟語",,"NHK for School","いろいろなテーマごとに、言葉を楽しく学べます","http://www.nhk.or.jp/kokugo/kotoba/origin/program_list.html",,"ひょうたんから
    コトバ"
"小学3年/小学4年/小学5年/小学6年","国語","４月","自己紹介",,"NHK for School","印象にのこる自己紹介になるよう、「話題」を決めることを学びます","https://www.nhk.or.jp/kokugo/otsuta/?das_id=D0005150161_00000",,"お伝と伝じろう
    
    はじまりは自己紹介"
"小学3年/小学4年/小学5年/小学6年","国語","通年","ローマ字",,"キョクトウ・
    アソシエイツ","パソコンのキーボードに正しくローマ字入力するゲームができます","http://www.kyokuto-note.co.jp/community/typing/","要 Flash Player","キョクトウ坊やのタイピングゲーム"
"小学3年～6年","英語","通年",,,"GKN　koko
    Youtube","小学校で学習する範囲を3～4分程度の動画で学習することができます。","https://www.youtube.com/playlist?list=PLFK0gaZkmkxDiYmtu6b2PCkO07NqZ5gmW",,"やさしくまるごと小学英語"
"小学4年","国語","４月","白いぼうし","上
    15～28","光村図書","教科書教材に関連した本の紹介をしています。","https://www.mitsumura-
    tosho.co.jp/2020s_kyokasho
    /download/kokugo/2020k_hon_02.pdf",,"教材末｢この本、読もう｣図書一覧"
"小学4年","国語","５月","春のたのしみ","上
    38～39","楽しい和！","季節ごとの行事が紹介されています。","https://www.studio-alice.co.jp/company/enjoy/season/index.html",,"こどもと楽しむ
    日本の行事"
"小学4年","国語","４月","漢字の組み立て","上
    32～33","YouTube","漢字の部首が歌にのせて紹介されています。","https://www.youtube.com/watch?v=J9m7ceI7gqU",,"部首のうた"
"小学4年","国語","４月","漢字の組み立て","上
    32～33","YouTube","漢字の部首の名前と意味が分かります。","https://www.youtube.com/watch?v=iOUfRdjIvlA",,"部首の名前、意味"
"小学4年","国語","４月","漢字辞典の使い方","上
    34～35","YouTube","漢字辞典の使い方が説明されています。","https://www.youtube.com/watch?v=F7T7yt3nfGs",,"漢字辞典ってどうやって使うの？"
"小学4年","国語","３月","初雪の
    ふる日","下
    104～
    122","光村図書","「初雪のふる日」の朗読を聞くことができます。","https://www.mitsumura-tosho.co.jp/oshirase/shien_taio/kokugo4.html",,"初雪のふる日
    ／声：斉藤由貴"
"小学4年","国語","通年","俳句
    詩",,"NHK for School","自分の発見や感じたことを俳句や詩で表現するコツを学びます。","https://www.nhk.or.jp/kokugo/otsuta/?das_id=D0005150168_00000",,"お伝と伝じろう
    
    今日は句会"
"小学4年","国語","通年","敬語",,"NHK for School","場に応じた言葉づかい、敬語の意味を学びます。","https://www.nhk.or.jp/kokugo/otsuta/?das_id=D0005150175_00000",,"お伝と伝じろう
    
    目上の人と話すとき"
"小学4年","国語","通年","言葉",,"教育出版","「よい」か「いい」かなど、言葉のつかいかたを学べます。","https://www.kyoiku-shuppan.co.jp/textbook/shou/kokugo/document/ducu3/j-index.html",,"言葉のてびき"
"小学4年","国語","通年","漢字",,"eboard","漢字がしゅるい別にに集まっています。
    問題もついています。","https://www.eboard.jp/list/12/",,"小学漢字"
"小学4年","国語","通年","慣用句
    ことわざ
    四字熟語",,"NHK for School","いろいろなテーマごとに、言葉を楽しく学べます。","http://www.nhk.or.jp/kokugo/kotoba/origin/program_list.html",,"ひょうたんから
    コトバ"
"小学4年","国語","４月","自己紹介",,"NHK for School","印象にのこる自己紹介になるよう、「話題」を決めることを学びます。","https://www.nhk.or.jp/kokugo/otsuta/?das_id=D0005150161_00000",,"お伝と伝じろう
    
    はじまりは自己紹介"
"小学4年","国語","通年","ローマ字",,"キョクトウ・
    アソシエイツ","パソコンのキーボードに正しくローマ字入力するゲームができます。","http://www.kyokuto-note.co.jp/community/typing/","要 Flash Player","キョクトウ坊やのタイピングゲーム"
"小学4年","算数","３月","直方体と立方体","88～101","教科書
    ぴったりテスト","直方体と立方体がどんな形かわかるようにしよう。","http://www.smart-lecture.com/pittaritest/pages/sub04.php","期間限定
    要プレーヤーダウンロード（ThinkBoardプレーヤー）
    要無料会員登録","1　直方体と立方体"
"小学4年","算数","３月","直方体と立方体","下
    88～
    101","教科書
    ぴったりテスト","直方体と立方体で面や辺の垂直がわかるようにしよう。","http://www.smart-lecture.com/pittaritest/pages/sub04.php","期間限定
    要プレーヤーダウンロード（ThinkBoardプレーヤー）
    要無料会員登録","2　面や辺の平行と垂直"
"小学4年","算数","３月","直方体と立方体","下
    88～
    101","教科書
    ぴったりテスト","平面上や空間の位置を表すことができるようにしよう。","http://www.smart-lecture.com/pittaritest/pages/sub04.php","期間限定
    要プレーヤーダウンロード（ThinkBoardプレーヤー）
    要無料会員登録","3　位置の表し方"
"小学4年","算数","４月","角とその大きさ","上
    11～131","わくわく算数","まるく開くおうぎをつくりましょう。","https://www.youtube.com/watch?v=Z5KcFzeAHY0&feature=youtu.be","WEBブラウザ可
    ThinkBoard可","1角とその大きさ 01"
"小学4年","算数","４月","角とその大きさ","上
    14～151","わくわく算数","下の あ，い の角は，どちらがどれだけ大きいですか。","https://www.youtube.com/watch?v=D3EzTMW175c&feature=youtu.be","WEBブラウザ可
    ThinkBoard可","1角とその大きさ 01 角の大きさのはかり方"
"小学4年","算数","４月","角とその大きさ","上163","わくわく算数","下の あ，い の角の大きさをはかりましょう。","https://www.youtube.com/watch?v=QPf4aWiC6sM&feature=youtu.be","WEBブラウザ可
    ThinkBoard可","1角とその大きさ 03 角の大きさのはかり方"
"小学4年","算数","４月","角とその大きさ","上175","わくわく算数","下の正三角形や二等辺三角形の角の大きさをはかりましょう。","https://www.youtube.com/watch?v=nktheFiPD3w&feature=youtu.be","WEBブラウザ可
    ThinkBoard可","1角とその大きさ 05 角の大きさのはかり方"
"小学4年","算数","４月","角とその大きさ","上18～191","わくわく算数","下の図は，1組の三角じょうぎを使って，いろいろな角をつくったものです。あ，い の角の大きさは何度ですか。","https://www.youtube.com/watch?v=WmI9SDlenGQ&feature=youtu.be","WEBブラウザ可
    ThinkBoard可","1角とその大きさ 05 角の大きさの計算"
"小学4年","算数","４月","角とその大きさ","上
    20～211","わくわく算数","次の あ の角の大きさを，くふうしてはかりましょう。はかる前に，大きさの見当をつけましょう。","https://www.youtube.com/watch?v=MtOYZ7PcnLc&feature=youtu.be","WEBブラウザ可
    ThinkBoard可","1角とその大きさ 01 180°をこえる角の大きさ"
"小学4年","算数","４月","角とその大きさ","上221","わくわく算数","30°の大きさの角をかきましょう。","https://www.youtube.com/watch?v=1R-1_rKLZRc&feature=youtu.be","WEBブラウザ可
    ThinkBoard可","1角とその大きさ 01 角のかき方"
"小学4年","算数","４月","角とその大きさ","上222","わくわく算数","200°の角を，くふうしてかきましょう。","https://www.youtube.com/watch?v=ea2emH_j_ZI&feature=youtu.be","WEBブラウザ可
    ThinkBoard可","1角とその大きさ 02 角のかき方"
"小学4年","算数","４月","角とその大きさ","上234","わくわく算数","右のような三角形をかいてみましょう。","https://www.youtube.com/watch?v=UJbnNQOdClU&feature=youtu.be","WEBブラウザ可
    ThinkBoard可","1角とその大きさ 04 角のかき方"
"小学4年","算数","４月","折れ線グラフ","上271","わくわく算数","下のグラフは，左のページの気温が変わっていくようすを表したものです。グラフからいりりおなことをよみとりましょう。","https://www.youtube.com/watch?v=pwKXY6gBnNI&feature=youtu.be","WEBブラウザ可
    ThinkBoard可","2折れ線グラフ　1変わり方を表すグラフ 01"
"小学4年","算数","４月","折れ線グラフ","上
    28～292","わくわく算数","下の折れ線グラフを見て，気温の変わり方を調べましょう。","https://www.youtube.com/watch?v=HgtXOPRP4BE&feature=youtu.be","WEBブラウザ可
    ThinkBoard可","2折れ線グラフ　1変わり方を表すグラフ 02"
"小学4年","算数","４月","折れ線グラフ","上
    30～311","わくわく算数","下の表は，こうきさんが調べた1日の気温です。これを折れ線グラフにかいてみましょう。","https://www.youtube.com/watch?v=8D4DdXK1XCY&feature=youtu.be","WEBブラウザ可
    ThinkBoard可","2折れ線グラフ　2折れ線グラフのかき方 01"
"小学4年","算数","４月","折れ線グラフ","上
    32～331","わくわく算数","下の表は，ももかさんがかぜをひいたときの体温を2時間ごとにはかったものです。これを折れ線グラフにかいてみましょう。","https://www.youtube.com/watch?v=h6T3d4mZdEA&feature=youtu.be","WEBブラウザ可
    ThinkBoard可","2折れ線グラフ　2折れ線グラフのかき方 02"
"小学4年","算数","４月","折れ線グラフ","上
    34～351","わくわく算数","下の表は，東京都とシドニー（オーストラリア）の月別の気温を表したものです。これを折れ線グラフにかいてみましょう。","https://www.youtube.com/watch?v=7TdJ-hT3pfI&feature=youtu.be","WEBブラウザ可
    ThinkBoard可","2折れ線グラフ　32つのことがらを表すグラフ 01"
"小学4年","算数","４月","折れ線グラフ","上352","わくわく算数","月別の気温とこう水量を表したものです。折れ線グラフが月別の気温を，ぼうグラフが月別のこう水量を表しています。このグラフをよんでみましょう。","https://www.youtube.com/watch?v=dRDuk3n2maU&feature=youtu.be","WEBブラウザ可
    ThinkBoard可","2折れ線グラフ　32つのことがらを表すグラフ 02"
"小学4年","算数","３月","箱の形を調べよう〔直方体と立方体〕","下93","新しい算数","教科書と連動しながら学習をサポート（東京書籍）","https://ten.tokyo-shoseki.co.jp/digi-contents/shou/sansu/content.html?content=4B_93","要 Flash
  Player","直方体と立方体"
"小学4年","算数","３月","箱の形を調べよう〔直方体と立方体〕","下94","新しい算数","教科書と連動しながら学習をサポート（東京書籍）","https://ten.tokyo-shoseki.co.jp/digi-contents/shou/sansu/content.html?content=4B_94","要 Flash
  Player","直方体と立方体"
"小学4年","算数","通年",,,"NHK for 
    School","時計のトリックを見破れ。図形の対象について楽しく学ぶことができます。","http://www.nhk.or.jp/sansuu/keiji/",,"さんすう刑事ゼロ"
"小学4年","算数","通年",,,"NHK for 
    School","変な形の土地の面積を比べるにはどうしたらいいのか。面積の基本となる単位面積について学びます。","http://www.nhk.or.jp/sansuu/matemate2/",,"マテマティカ2"
"小学4年","社会","４月
    ３月","わたしたちの県
    特色ある地いきと人々のくらし","8～31
    140～
    166","NHK for 
    School","地域の産業・人・暮らし・伝統や文化などが分かります。","https://www.nhk.or.jp/syakai/mieruzo/?das_id=D0005120138_00000",,"見えるぞ！
    ニッポン
    
    「福井県～メガネ～」"
"小学4年","社会","３月","特色ある地いきと人々のくらし","140～
    166","NHK for 
    School","地場産業、伝統文化、自然、国際交流などをいかした地域づくりについて分かります。","https://www.nhk.or.jp/syakai/funfun/",,"よろしく！
    ファンファン
    
    「特色ある地域」4本"
"小学4年","社会","４月","わたしたちの県","8～31","日本の
    都道府県","都道府県の名称や位置、県庁所在地名を楽しく学べます。","http://www1.iwate-ed.jp/tantou/joho/material/nippon-map/","要 Flash Player","都道府県パズル"
"小学4年","社会","通年",,,"読売新聞","「よみうり新聞たんけん隊」の一部をどなたでも自由にダウンロードできます。","https://kyoiku.yomiuri.co.jp/kaihonews/contents/post-616.php",,"読売新聞教育ネットワーク"
"小学4年","社会","４月","わたしたちの県","8～31","国土地理院","地図について分かります。","https://www.gsi.go.jp/KIDS/index.html",,"キッズ"
"小学4年","社会","通年",,,"東京書籍","Dマークコンテンツの内容が見られます。","https://sw11.tsho.jp/02pk/s4/menu/s4.html",,"教科書のDマークコンテンツ"
"小学4年","理科","３月","水のあたたまり方",,"福井県教育
    総合研究所","あたたまり方シリーズ①研究所サイエンスラボの先生が空気のあたたまり方をわかりやすく解説してくれます。","https://www.youtube.com/watch?v=DEqyo_F_iUo&feature=youtu.be",,"小学校４年生 理科 空気のあたたまり方"
"小学4年","理科","３月","水のあたたまり方",,"福井県教育
    総合研究所","あたたまり方シリーズ②研究所サイエンスラボの先生が水のあたたまり方をわかりやすく解説してくれます。","https://www.youtube.com/watch?v=Bp_qVaSFtX4&feature=youtu.be",,"小学校４年生 理科 水のあたたまり方"
"小学4年","理科","３月","金属のあたたまり方",,"福井県教育
    総合研究所","あたたまり方シリーズ③研究所サイエンスラボの先生が金属のあたたまり方をわかりやすく解説してくれます。","https://www.youtube.com/watch?v=2fTQKd4ShzA&feature=youtu.be",,"小学校４年生 理科 金属のあたたまり方"
"小学4年","理科","３月","生き物の1年をふり返って","160～167","NHK for 
    School","生き物の1年の様子をふりかえり，季節の変化との関係を調べてみましょう。","http://www.nhk.or.jp/rika/fushigi4/index.html",,"《ふしぎがいっぱい4年生》
    「生き物の1年（※17）」
    ☆1～3分ほどの短い動画（※）を自由に選択して視聴できます。"
"小学4年","理科","４月","あたたかくなると","8～17","NHK for 
    School","春になると，植物や動物の様子が変わるのはなぜでしょう。春と冬の林や野原，人の服装などを比べながら予想してみましょう。","http://www.nhk.or.jp/rika/endless4/",,"《ふしぎエンドレス4年》
    「春になると？（※28）」
    ☆2分ほどの短い動画（※）で構成されており，自由に選択して視聴できます。"
"小学4年","理科","通年",,,"NHK for
     School","いつも何気なく見ている物の中にも，たくさんの「ふしぎ」がひそんでいます。そんな「ふしぎ」を見つけるために役立つ様々な「科学の見方」が紹介されています。","http://www.nhk.or.jp/rika/mikata/",,"《カガクノミカタ》
    
    ☆第1回～第20回まであり，一つが10分となっています。"
"小学4年","理科","通年",,,"NHK for 
    School","目がはなせなくなってしまうほど大きなスケールの科学実験が紹介されています。特製のコートに身を包んだ3色の実験レンジャーたちが，その様子を撮影しています。","http://www.nhk.or.jp/rika/daijikken/",,"《大科学実験》"
"小学4年","理科","通年",,,"NHK for 
    School","カマキリ先生と子カマキリたちが，身近にいる昆虫のすごさと面白さを伝えています。","http://www.nhk.or.jp/school/sugoize/",,"《昆虫すごいぜ！》"
"小学4年","理科","通年",,,"NHK for 
    School","画像の中の昆虫を自由に拡大したり回転させたりしながら，いろいろな角度から観察することができます。","http://www.nhk.or.jp/school/sukudo/zukan/",,"《ものすごい図鑑》"
"小学4年","理科","通年",,,"NHK for 
    School","「カプセル」の中には，ふしぎをとくための動画がつまっています。ふしぎの旅のナビゲーターといっしょに，カプセルを集める旅に出かけてみましょう。","http://www.nhk.or.jp/school/rikamap/",,"《りかまっぷ～ふしぎのカプセルを集めよう！～》"
"小学4年","図工","通年",,,"NHK for
  
    School","用具の特徴を生かしたり、手でかいたりするなど、表し方を工夫しながら、絵に表します。","http://www.nhk.or.jp/zukou/kiminara/",,"えがこう！
    感じてフラワー"
"小学4年","図工","通年",,,"日本文教出版","図工で使ういろいろな道具の使い方がわかります。","https://www.nichibun-g.co.jp/learning_support/yougle_special/zugakosaku/index.html",,"""用具の使い方""Web動画コンテンツ『ようぐる』"
"小学4年","音楽","通年",,,"まなびリンク","いろいろな楽器の演奏の仕方
    音楽鑑賞","https://www.kyoiku-shuppan.co.jp/m-link/ongaku/4.html",,"音楽のおくりもの4"
"小学4年","音楽","通年",,,"ヤマハデジタル
    音楽教材","ソプラノリコーダーの演奏の仕方
    採点機能もあります。
    採点機能を使うにはGoogleChromeで検索してください。","https://ses.yamaha.com/products/experience/","５月６日まで","ソプラノリコーダー授業"
"小学4年","プログラミング","通年",,,"Viscuit","簡単に自分の書いた絵を動かせます。
    工夫すればいろいろなことができます。","https://www.viscuit.com/",,"Viscuit"
"小学4年","英語","３月","Unit9
    This is my day.","34～40","NHK for 
    School","自分の日課を英語で説明する言い方が分かります。","https://www.nhk.or.jp/eigo/mission/?das_id=D0005140264_00000",,"基礎英語0
    世界エイゴミッション"
"小学4年","英語","３月","Unit1
    Hello, world!","2～5","NHK for 
    School","自己紹介の仕方だけでなく、世界のいろいろな国での自己紹介の仕方やあいさつの言い方を知ることができます。","https://www.nhk.or.jp/eigo/eigorian/?das_id=D0005140141_00000",,"エイゴリアン"
"小学4年","英語","３月","Unit1
    Hello, world!","2～5","Youtube","世界のいろいろな国のあいさつの言い方が歌にのせて聞くことができます。","https://www.youtube.com/watch?v=GWoAdQ_ervM",,"アプリコット出版社"
"小学4年","英語","３月","Unit1
    Hello,world!","2～5","世界のあいさつをくらべてみよう","世界のいろいろなあいさつを聞き比べできるだけでなく、食文化を知ることもできます。","https://www.meiji.co.jp/meiji-shokuiku/worldculture/greeting/",,"明治"
"小学4年","英語","通年",,,"GKN　koko
    Youtube","小学校で学習する範囲を3～4分程度の動画で学習することができます。","https://www.youtube.com/playlist?list=PLFK0gaZkmkxDiYmtu6b2PCkO07NqZ5gmW",,"やさしくまるごと
    小学英語"
"小学5年","国語","４月","なまえつ
    けてよ","17～31","光村図書","教科書教材に関連した本の紹介をしています。","https://www.mitsumura-tosho.co.jp/2020s_kyokasho/download/kokugo/2020k_hon_02.pdf",,"教材末｢この本、読もう｣図書一覧"
"小学5年","国語","４月","図書館を使いこなそう","32～33","学校支援","日本十進分類法について詳しく書かれています。","http://yamauchi-lib.jp/school/useful/",,"お役立ち情報"
"小学5年","国語","４月","漢字の成り立ち","34～35","YouTube","漢字の成り立ちについて、歌で覚えることができます。","https://www.youtube.com/watch?v=oi2U4Slf_kM",,"漢字の成り立ちの歌"
"小学5年","国語","５月","春の空",,"NHK for School","枕草子が動画で紹介されています。","http://www.nhk.or.jp/kokugo/classic/shiryou/2014_001_01_shiryou.html",,"おはなしのくに
    クラシック
    枕草子"
"小学5年","国語","５月","きいて、きいて、きいてみよう","38～43","NHK for School","自分が聞きたいことをうまく聞き出すためのコツが学べます。","https://www.nhk.or.jp/kokugo/otsuta/?das_id=D0005150177_00000",,"お伝と伝じろう
    聞き上手になろう"
"小学5年","国語","３月","わらぐつの中の神様","200～222","光村図書","「わらぐつの中の神様」の朗読を聞くことができます。","https://www.mitsumura-tosho.co.jp/oshirase/shien_taio/sk_rodoku.html",,"わらぐつの中の神様／声：竹下景子"
"小学5年","国語","通年","俳句
    詩",,"NHK for School","自分の発見や感じたことを俳句や詩で表現するコツを学びます。","https://www.nhk.or.jp/kokugo/otsuta/?das_id=D0005150168_00000",,"お伝と伝じろう
    
    今日は句会"
"小学5年","国語","通年","敬語",,"NHK for School","場に応じた言葉づかい、敬語の意味を学びます。","https://www.nhk.or.jp/kokugo/otsuta/?das_id=D0005150175_00000",,"お伝と伝じろう
    
    目上の人と話すとき"
"小学5年","国語","通年","言葉",,"教育出版","「よい」か「いい」かなど、言葉のつかい方を学べます。","https://www.kyoiku-shuppan.co.jp/textbook/shou/kokugo/document/ducu3/j-index.html",,"言葉のてびき"
"小学5年","国語","通年","漢字",,"eboard","漢字が種類別に集まっています。
    問題もついています。","https://www.eboard.jp/list/12/",,"小学漢字"
"小学5年","国語","通年","慣用句
    ことわざ
    四字熟語",,"NHK for School","いろいろなテーマごとに、言葉を楽しく学べます。","http://www.nhk.or.jp/kokugo/kotoba/origin/program_list.html",,"ひょうたんから
    コトバ"
"小学5年","国語","４月","自己紹介",,"NHK for School","印象に残る自己紹介になるよう、「話題」を決めることを学びます。","https://www.nhk.or.jp/kokugo/otsuta/?das_id=D0005150161_00000",,"お伝と伝じろう
    
    はじまりは自己紹介"
"小学5年","国語","通年","ローマ字",,"キョクトウ・
    アソシエイツ","パソコンのキーボードに正しくローマ字入力するゲームができます。","http://www.kyokuto-note.co.jp/community/typing/","要 Flash Player","キョクトウ坊やのタイピングゲーム"
"小学5年","算数","３月","角柱と円柱","200～207","教科書
    ぴったりテスト","角柱と円柱について理解しよう。","http://www.smart-lecture.com/pittaritest/pages/sub05.php","期間限定
    要プレーヤーダウンロード（ThinkBoardプレーヤー）
    要無料会員登録","15　角柱と円柱"
"小学5年","算数","３月","角柱と円柱","200～207","教科書
    ぴったりテスト","角柱と円柱の見取図やてん開図のかき方を理解しよう。","http://www.smart-lecture.com/pittaritest/pages/sub05.php","期間限定
    要プレーヤーダウンロード（ThinkBoardプレーヤー）
    要無料会員登録","2　見取図とてん開図"
"小学5年","算数","３月","変わり方","208～211","教科書
    ぴったりテスト","2つの数の変わり方を，式に表せるようにしよう。","http://www.smart-lecture.com/pittaritest/pages/sub05.php","期間限定
    要プレーヤーダウンロード（ThinkBoardプレーヤー）
    要無料会員登録","16　変わり方"
"小学5年","算数","４月","整数と小数","111","わくわく算数","56.72はどんな数かな？","https://www.youtube.com/watch?v=ZXBgUInMTco&feature=youtu.be","WEBブラウザ可
    ThinkBoard可","1整数と小数 01"
"小学5年","算数","４月","整数と小数","123","わくわく算数","42.195㎞を10倍，100倍，1000倍した長さを調べましょう。","https://www.youtube.com/watch?v=NS8_JD6Wo3E&feature=youtu.be","WEBブラウザ可
    ThinkBoard可","1整数と小数 03"
"小学5年","算数","４月","整数と小数","137","わくわく算数","列車のもけいをつくろうと思います。列車の全長 108.9mを 1/10， 1/100，
  1/1000にしたときの長さは，それぞれ何mになりますか。","https://www.youtube.com/watch?v=hq5NTYysDYk&feature=youtu.be","WEBブラウザ可
    ThinkBoard可","1整数と小数 07"
"小学5年","算数","４月","体積","171","わくわく算数","教科書を見て、かさの表し方を考えてみましょう。","https://www.youtube.com/watch?v=blD_iujlGIY&feature=youtu.be","WEBブラウザ可
    ThinkBoard可","2体積　1直方体・立方体の体積 01"
"小学5年","算数","４月","体積","181","わくわく算数","次のような直方体や立方体の体積の求め方を考えましょう。","https://www.youtube.com/watch?v=PrIdXkENmB4&feature=youtu.be","WEBブラウザ可
    ThinkBoard可","2体積　1直方体・立方体の体積 01 体積の公式"
"小学5年","算数","４月","体積","201","わくわく算数","右のような図形の体積を求めましょう。","https://www.youtube.com/watch?v=dvpsxf6uKt4&feature=youtu.be","WEBブラウザ可
    ThinkBoard可","2体積　1直方体・立方体の体積 01 体積の求め方のくふう"
"小学5年","算数","４月","体積","211","わくわく算数","たて4m，横3m，高さ2mの直方体の体積を求めましょう。","https://www.youtube.com/watch?v=PTERqgEZHVU&feature=youtu.be","WEBブラウザ可
    ThinkBoard可","2体積　2大きな体積 01"
"小学5年","算数","４月","体積","213","わくわく算数","1㎥は何㎤ですか。","https://www.youtube.com/watch?v=TCk2JJPr_LM&feature=youtu.be","WEBブラウザ可
    ThinkBoard可","2体積　2大きな体積 03"
"小学5年","算数","４月","体積","221","わくわく算数","右のような直方体の形をした水そうがあります。ガラスの厚さは1㎝です。この水そうにはいる水の体積を求めましょう。","https://www.youtube.com/watch?v=5_MkxKJ5SGc&feature=youtu.be","WEBブラウザ可
    ThinkBoard可","2体積　3容積 01"
"小学5年","算数","４月","体積","222","わくわく算数","内のりのたて，横，高さがどれも10㎝の1Lますがあります。この1Lますの容積は何㎤ですか。","https://www.youtube.com/watch?v=LjBlWXz8MH8&feature=youtu.be","WEBブラウザ可
    ThinkBoard可","2体積　3容積 02"
"小学5年","算数","４月","体積","231","わくわく算数","いろいろなものの体積や容積を調べてみましょう。","https://www.youtube.com/watch?v=-6kOPSwgVAs&feature=youtu.be","WEBブラウザ可
    ThinkBoard可","2体積　3容積 01 体積はどれくらい"
"小学5年","算数","４月","体積","241","わくわく算数","体積の単位には，㎤，㎥や，mL，dL，L，kL（キロリットル）があります。1kLは1000Lです。体積の単位の関係を調べましょう。","https://www.youtube.com/watch?v=LMvae0kn3DQ&feature=youtu.be","WEBブラウザ可
    ThinkBoard可","2体積　4体積の単位の関係 01"
"小学5年","算数","３月","立体をくわしく調べよう〔角柱と円柱〕","下104","新しい算数","教科書と連動しながら学習をサポート（東京書籍）","https://ten.tokyo-shoseki.co.jp/digi-contents/shou/sansu/content.html?content=5B_104",,"角柱と円柱"
"小学5年","算数","通年",,,"NHK for School","事件を解決するために算数の様々な知識を使います。ドラマを見ながら、楽しく算数の勉強をすることができます。","http://www.nhk.or.jp/sansuu/keiji/",,"さんすう刑事ゼロ"
"小学5年","算数","通年",,,"NHK for School","アニメーションを使って算数を図工のように教えます。また、試行錯誤を経て正解にたどりつくまでの道筋を追体験するように構成されています。（全１９回）","http://www.nhk.or.jp/sansuu/matemate2/",,"マテマティカ2"
"小学5年","社会","３月","わたしたちの生活と環境","下98～
    139","NHK for School","森林の役割、環境を守る取組、防災に対する取組が分かります。","https://www.nhk.or.jp/syakai/mirai/?das_id=D0005120448_00000",,"未来広告ジャパン！
    「第18回森林とわたしたちのくらし」～「第20回自然災害から命とくらしを守る」"
"小学5年","社会","４月","わたしたちの国土","上6～65","NHK for School","日本の国土、気候に合わせた生活の様子が分かります。","https://www.nhk.or.jp/syakai/mirai/?das_id=D0005120431_00000",,"未来広告ジャパン！
    「第1回日本の国土を調べよう」～「第3回あたたかい土地と寒い土地」"
"小学5年","社会","４月","世界の中の国土","8～15","外務省","世界の国について学ぶことができます。","https://www.mofa.go.jp/mofaj/kids/index.html",,"キッズ外務省"
"小学5年","社会","３月","わたしたちの生活と森林","112～123","林野庁","森林のことについて学べます。","https://www.rinya.maff.go.jp/kids/top.html",,"こども森林館"
"小学5年","社会","３月","自然災害を防ぐ","100～111","総務省消防庁","防災について学べます。","http://open.fdma.go.jp/e-college/eland/syou_tyuu.html",,"こどもぼうさい
    e-ランド"
"小学5年","社会","通年",,,"読売新聞","「よみうり新聞たんけん隊」の一部をどなたでも自由にダウンロードできます。","https://kyoiku.yomiuri.co.jp/kaihonews/contents/post-617.php",,"読売新聞教育ネットワーク"
"小学5年","社会","通年",,,"NHK for School",,"https://www.nhk.or.jp/school/selection/?syakai",,"動画クリップ セレクション100 小学校社会編"
"小学5年","社会","10月","わたしたちの生活と工業生産","下2～55","東京書籍","工場での歓呼湯に配慮した家づくりの取り組みや工夫を、バーチャルの世界で見学することができます。","https://sdgs.edutown.jp/virtual/",,"EduTown SDGs
    
    セキスイハイム　バーチャル工場見学"
"小学5年","社会","10月","わたしたちの生活と工業生産","下2～55","東京書籍","日本のモノづくりについて分かります。","https://monozukuri.edutown.jp/",,"EduTown モノづくり"
"小学5年","社会","通年",,,"東京書籍","5．6年生で学習することをクイズ形式で復習できます。","https://kids.tokyo-shoseki.co.jp/kidsap/kids_syakaiquiz/",,"東書KIDS
    
    小学校社会科クイズ"
"小学5年","社会","５月
    ６月","わたしたちの生活と食料生産","上66～
    95","JA全農","農業について分かります。","https://www.zennoh.or.jp/consumer/kids/",,"子ども向けコンテンツ"
"小学5年","社会","５月
    ６月","わたしたちの生活と食料生産","上66～
    123","農林水産省","ゲームやクイズで農林水産業について分かります。","https://www.maff.go.jp/j/kids/index.html",,"こどものためのコーナー"
"小学5年","社会","４月","わたしたちの国土","6～15","国土地理院","地図について分かります。","https://www.gsi.go.jp/KIDS/index.html",,"キッズ"
"小学5年","社会","通年",,"上の教科書の範囲","東京書籍","Dマークコンテンツの内容が見られます。","https://sw11.tsho.jp/02pk/s5a/menu/s5a.html",,
"小学5年","社会","通年",,"下の教科書の範囲","東京書籍","Dマークコンテンツの内容が見られます。","https://sw21.tsho.jp/02pk/s5b/menu/s5b.html",,
"小学5年","理科","３月","ふりこのきまり","140～151","福井県教育
    総合研究所","研究所のサイエンスラボの先生がふりこの実験をわかりやすく解説しています。","https://www.youtube.com/watch?v=YVW44UwNhIQ&feature=youtu.be",,"小学校５年生 ふりこのきまり"
"小学5年","理科","３月","ふりこのきまり","140～151","NHK for School","おもりの重さや糸の長さなどを変えながら，振り子の決まりについて考えてみましょう。　ふりこを使ったおもちゃ作りも紹介されています。","http://www.nhk.or.jp/rika/fushigi5/index.html",,"《ふしぎがいっぱい5年生》
    「ふりこのきまり（※16）」☆1分ほどの短い動画（※）を自由に選択して視聴できます。"
"小学5年","理科","４月","天気の変化","6～19","NHK for School","雲の形や量，動きに注目しながら，天気の変化の決まりについて考えてみましょう。","http://www.nhk.or.jp/rika/endless5/?das_id=D0005110437_00000",,"《ふしぎエンドレス5年》
    「天気の変化に決まりはある？（※24）」
    ☆1分ほどの短い動画（※）を自由に選択して視聴できます。"
"小学5年","理科","通年",,,"NHK for School","いつも何気なく見ている物の中にも，たくさんの「ふしぎ」がひそんでいます。「ふしぎ」を見つけるために役立つ様々な「科学の見方」が紹介されています。","http://www.nhk.or.jp/rika/mikata/",,"《カガクノミカタ》
    
    ☆第1回～第20回まであり，一つが10分となっています。"
"小学5年","理科","通年",,,"NHK for School","大きなスケールの科学実験が紹介されています。特製のコートに身を包んだ3色の実験レンジャーたちが，その様子を撮影しています。","http://www.nhk.or.jp/rika/daijikken/",,"《大科学実験》"
"小学5年","理科","通年",,,"NHK for School","カマキリ先生と子カマキリたちが，身近にいる昆虫のすごさと面白さを伝えています。","http://www.nhk.or.jp/school/sugoize/",,"《昆虫すごいぜ！》"
"小学5年","理科","通年",,,"NHK for School","画像の中の昆虫を自由に拡大したり回転させたりしながら，いろいろな角度から観察することができます。","http://www.nhk.or.jp/school/sukudo/zukan/",,"《ものすごい図鑑》"
"小学5年","理科","通年",,,"NHK for School","世界にちらばった「カプセル」の中には，ふしぎをとくための動画がつまっています。カプセルを集める旅に出かけてみましょう。","http://www.nhk.or.jp/school/rikamap/",,"《りかまっぷ～ふしぎのカプセルを集めよう！～》"
"小学5年","図工","通年",,,"NHK for School","周りの様子と材料から発想を広げて組み立てます。","http://www.nhk.or.jp/zukou/kiminara/?das_id=D0005210005_00000",,"ココが大変身！"
"小学5年","図工","通年",,,"日本文教出版","図工で使ういろいろな道具の使い方がわかります。","https://www.nichibun-g.co.jp/learning_support/yougle_special/zugakosaku/index.html",,"""用具の使い方""Web動画コンテンツ『ようぐる』"
"小学5年","家庭科","４月",,,"NHK for School","おいしいお茶の入れ方がわかります。","https://www.nhk.or.jp/katei/kateika/",,"カテイカ第1回
    カテイカ様のおみちびき"
"小学5年","音楽","通年",,,"まなびリンク","和音のひびきに合わせてポーズをしてみよう。","https://www.kyoiku-shuppan.co.jp/m-link/ongaku/5.html",,"音楽のおくりもの5"
"小学5年","音楽","通年",,,"ヤマハデジタル音楽教材","ソプラノリコーダーの演奏の仕方が学べます。
    採点機能もあります。
    採点機能を使うにはGoogleChromeで検索してください。","https://ses.yamaha.com/products/experience/","５月６日まで","ソプラノリコーダー授業"
"小学5年","プログラミング","通年",,,"Viscuit","簡単に自分の描いた絵を動かせます。
    工夫すればいろいろなことができます。","https://www.viscuit.com/",,"Viscuit"
"小学5年","英語","４月","Unit1
    Hello!friends.","10～17","NHK for School","相手の名前の英語のつづりを質問する言い方が分かります。","https://www.nhk.or.jp/eigo/mission/?das_id=D0005140251_00000",,"基礎英語0
    世界エイゴミッション
    1ケリーを探せ！"
"小学5年","英語","４月","Unit1
    Hello!friends.","10～17","NHK for School","自分の名前の自己紹介の言い方がわかります。","https://www.nhk.or.jp/eigo/mission/?das_id=D0005140255_00000",,"基礎英語0
    世界エイゴミッション
    5かっこいいニックネームをつけよ！"
"小学5年","英語","３月","Unit9
    Who is your hero?","66～73","NHK for School","「あなたのヒーローはだれ？」というやり取りを聞くことで、Whoの使い方がわかります。","https://www.nhk.or.jp/eigo/mission/?das_id=D0005140279_00000",,"基礎英語0
    世界エイゴミッション
    ㉙ヒーローの条件を調査せよ"
"小学5年","英語","３月","Unit9
    Who is your hero?","66～73","NHK for School","自分の得意なものが何か伝える言い方がわかります。","https://www.nhk.or.jp/eigo/mission/?das_id=D0005140280_00000",,"基礎英語0
    世界エイゴミッション
    ㉚何を作っているのか当てよ！"
"小学5年","英語","４月","Unit1
    Hello!friends.","10～17","Youtube","NOBU先生が年齢の言い方を教えてくれます。数字の発音も丁寧に教えてくれます。","https://www.youtube.com/watch?v=d52ixMIupYA&feature=youtu.be",,"10分動画×30回
    小5英語小6英語がばっちり身につくレッスン
    「小5英語がばっちり」
    P.014Lesson1"
"小学5年","英語","４月","Unit1
    Hello!friends.","10～17","Youtube","NOBU先生が好きな物の言い方と果物の発音を丁寧に教えてくれます。","https://www.youtube.com/watch?v=84WyQ_RHXeA&feature=youtu.be",,"10分動画×30回
    小5英語小6英語がばっちり身につくレッスン
    「小5英語がばっちり」
    P.016Lesson2"
"小学5年","英語","４月","Unit1
    Hello!friends.","10～17","Youtube","NOBU先生が好きな物の尋ね方と動物の名前の発音を丁寧に教えてくれます。","https://www.youtube.com/watch?v=3lIZOxlXOpQ&feature=youtu.be",,"10分動画×30回
    小5英語小6英語がばっちり身につくレッスン
    「小5英語がばっちり」
    P.018Lesson3"
"小学5年","英語","４月","Unit1
    Hello!friends.","10～17","Youtube","NOBU先生が好きな動物が何か尋ねる言い方と動物の名前の発音を丁寧に教えてくれます。","https://www.youtube.com/watch?v=5_5akOD53gk&feature=youtu.be",,"10分動画×30回
    小5英語小6英語がばっちり身につくレッスン
    「小5英語がばっちり」
    P.020Lesson4"
"小学5年","英語","４月","Unit1
    Hello!friends.","10～17","Youtube","Unit1に対応している部分の学習のまとめが問題形式で出され、学習したことを確認できます。","https://www.youtube.com/watch?v=lwR95Hg1XEI&feature=youtu.be",,"10分動画×30回
    小5英語小6英語がばっちり身につくレッスン
    「小5英語がばっちり」
    P.022まとめクイズ"
"小学5年","英語","３月","Unit9
    Who is your hero?","66～73","Youtube","NOBU先生が「この人はだれ？」と尋ねる言い方とその人が誰か、職業は何かを答える言い方を教えてくれます。","https://www.youtube.com/watch?v=pOvsyTsk_98&feature=youtu.be",,"10分動画×30回
    小5英語小6英語がばっちり身につくレッスン
    「小5英語がばっちり」
    P.088Lesson30"
"小学5年","英語","３月","Unit9
    Who is your hero?","66～73","Youtube","NOBU先生が好きな自分についてできることを尋ねる言い方と答えた方を教えてくれます。","https://www.youtube.com/watch?v=uvu4Ky0AIrM&feature=youtu.be",,"10分動画×30回
    小5英語小6英語がばっちり身につくレッスン
    「小5英語がばっちり」
    P.090Lesson31"
"小学5年","英語","通年",,,"GKN　koko
    Youtube","小学校で学習する範囲を3～4分程度の動画で学習することができます。","https://www.youtube.com/playlist?list=PLFK0gaZkmkxDiYmtu6b2PCkO07NqZ5gmW",,"やさしくまるごと小学英語"
"小学5年/小学6年","国語","通年","俳句
    詩",,"NHK for School","自分の発見や感じたことを俳句や詩で表現するコツを学びます","https://www.nhk.or.jp/kokugo/otsuta/?das_id=D0005150168_00000",,"お伝と伝じろう
    
    今日は句会"
"小学5年/小学6年","国語","通年","敬語",,"NHK　forスクール","場に応じた言葉づかい、敬語の意味を学びます","https://www.nhk.or.jp/kokugo/otsuta/?das_id=D0005150175_00000",,"お伝と伝じろう
    
    目上の人と話すとき"
"小学5年/小学6年","国語","通年","言葉",,"教育出版","「よい」か「いい」かなど、言葉のつかいかたを学べます","https://www.kyoiku-shuppan.co.jp/textbook/shou/kokugo/document/ducu3/j-index.html",,"言葉のてびき"
"小学5年/小学6年","図工","通年",,,"NHK for School","周りの様子と材料から発想を広げて組み立てます。","http://www.nhk.or.jp/zukou/kiminara/",,"ココが大変身！"
"小学5年/小学6年","家庭科","４月",,,"NHK for School","おいしいお茶の入れ方がわかります。","https://www.nhk.or.jp/katei/kateika/",,"カテイカ第1回
    カテイカ様のおみちびき"
"小学6年","国語","３月","生きる
    生き物はつながりの中に
    かなえられた願い","222～236","光村図書","「生きる」
    「生き物はつながりの中に」
    「かなえられた願い」の朗読を聞くことができます","https://www.mitsumura-tosho.co.jp/oshirase/shien_taio/kokugo6.html",,"生きる
    生き物はつながりの中に
    かなえられた願い"
"小学6年","国語","４月","詩を楽しもう
    春の河","14","青空文庫","「春の河」の作者　山村暮鳥さんの作品を読むことができます","https://www.aozora.gr.jp/index_pages/person136.html",,"山村暮鳥
    作品リスト"
"小学6年","国語","４月","詩を楽しもう
    春の河","15","青空文庫","「小景異情」の作者の室生犀星さんの作品を読むことができます","https://www.aozora.gr.jp/index_pages/person1579.html",,"室生犀星
    作品リスト"
"小学6年","国語","４月","帰り道","17～33","光村図書","教科書教材に関連した本の紹介をしています","https://www.mitsumura-
    tosho.co.jp/2020s_kyokasho
    /download/kokugo/2020k_hon_02.pdf",,"教材末｢この本、読もう｣図書一覧"
"小学6年","国語","４月","春のいぶき","38～39","私の根っこ
    プロジェクト","二十四節気の成り立ち、各節季についての紹介","http://www.i-nekko.jp/meguritokoyomi/nijyushisekki/",,"二十四節気"
"小学6年","国語","４月","春のいぶき","38～39","NHK for School","二十四節気を楽しく暗記します","https://www.nhk.or.jp/kokugo/nihongo/?das_id=D0005150380_00000",,"にほんごであそぼ
    
    ちょちょいのちょい暗記"
"小学6年","国語","５月","聞いて、考えを深めよう","40～43","NHK for School","説得力をもって伝えるにはどうしたらいいかを学べます","https://www.nhk.or.jp/kokugo/otsuta/?das_id=D0005150167_00000",,"お伝と伝じろう
    
    どうしてそう思ったの？"
"小学6年","国語","通年","漢字クイズ",,"YouTube","5年生までに学習した漢字を使った熟語のクイズに挑戦しよう","https://www.youtube.com/watch?v=pNcwfLXwhWQ",,"漢字クイズ
    第1弾"
"小学6年","国語","通年","漢字クイズ",,"YouTube","5年生までに学習した漢字を使った熟語のクイズに挑戦しよう","https://www.youtube.com/watch?v=5GZTtdU5WxU",,"漢字クイズ
    第2弾"
"小学6年","算数","４月","対称な図形","121","わくわく算数","上の あ から え を，形に目をつけて，どんななかまに分けられるか調べてみましょう。","https://www.youtube.com/watch?v=jV5ZpSylJuQ&feature=youtu.be","WEBブラウザ可
    ThinkBoard可","1対称な図形 01"
"小学6年","算数","４月","対称な図形","141","わくわく算数","右のようなMの形は，2つに折ってぴったり重なる形です。293ページの図形を2つに折って重なることを確かめてみましょう。","https://www.youtube.com/watch?v=4HzRW7xwrr0&feature=youtu.be","WEBブラウザ可
    ThinkBoard可","1対称な図形　1
    線対称 01"
"小学6年","算数","４月","対称な図形","142","わくわく算数","右のような図形を対称の軸で折り重ねたとき，重なる点，線，角について調べましょう。","https://www.youtube.com/watch?v=gM6Ozw68JzE&feature=youtu.be","WEBブラウザ可
    ThinkBoard可","1対称な図形　1
    線対称 02"
"小学6年","算数","４月","対称な図形","166","わくわく算数","右のような線対称な図形について，どんなことがいえるか，三角定規やコンパスを使って調べましょう。","https://www.youtube.com/watch?v=LwpCEjXz6ZI&feature=youtu.be","WEBブラウザ可
    ThinkBoard可","1対称な図形　1
    線対称 06"
"小学6年","算数","４月","対称な図形","178","わくわく算数","直線ABが対称の軸になるように，線対称な図形をかきましょう。","https://www.youtube.com/watch?v=qcUhPmh3REc&feature=youtu.be","WEBブラウザ可
    ThinkBoard可","1対称な図形　1
    線対称 08"
"小学6年","算数","４月","対称な図形","181","わくわく算数","右ようなＮの形は，180°まわしてぴったり重ねる形です。293ページの図形を台紙の上でまわして重ねることを確かめてみましょう。","https://www.youtube.com/watch?v=l5EFhJMDcjA&feature=youtu.be","WEBブラウザ可
    ThinkBoard可","1対称な図形　2
    点対称 01"
"小学6年","算数","４月","対称な図形","18～192","わくわく算数","右の図形を点Ｏを対称の中心として180°まわしたとき，重なる点，線，角について調べましょう。","https://www.youtube.com/watch?v=LhOaOPlod1A&feature=youtu.be","WEBブラウザ可
    ThinkBoard可","1対称な図形　2
    点対称 02"
"小学6年","算数","４月","対称な図形","206","わくわく算数","右の点対称な図形について，どんなことがいえるか，三角定規やコンパスを使って調べましょう。","https://www.youtube.com/watch?v=oRbmzKxpaBA&feature=youtu.be","WEBブラウザ可
    ThinkBoard可","1対称な図形　2
    点対称 06"
"小学6年","算数","４月","対称な図形","218","わくわく算数","点Ｏが中心になるように，点対称な図形をかきましょう。","https://www.youtube.com/watch?v=cJnmRzZ73oM&feature=youtu.be","WEBブラウザ可
    ThinkBoard可","1対称な図形　2
    点対称 08"
"小学6年","算数","４月","対称な図形","22～231","わくわく算数","三角形や四角形について，線対称か点対称かを調べましょう。また，対称の軸や対称の中心もみつけましょう。","https://www.youtube.com/watch?v=aa1jjfGcLFc&feature=youtu.be","WEBブラウザ可
    ThinkBoard可","1対称な図形　3
    多角形と対称 01"
"小学6年","算数","４月","対称な図形","232","わくわく算数","正多角形について，線対称か点対称かを調べましょう。","https://www.youtube.com/watch?v=Gn_DGG3tFac&feature=youtu.be","WEBブラウザ可
    ThinkBoard可","1対称な図形　3
    多角形と対称 02"
"小学6年","算数","４月","文字と式","27～281","わくわく算数","同じ値段のえん筆を6本買うときの代金を，ｘやｙの文字を使って式に表すことを考えましょう。","https://www.youtube.com/watch?v=YDHp04SjMGI&feature=youtu.be","WEBブラウザ可
    ThinkBoard可","2文字と式　1
    文字を使った式 01"
"小学6年","算数","４月","文字と式","293","わくわく算数","80円のえん筆を何本かと，70円の消しゴムを1個買います。えん筆の本数と代金の関係について調べましょう。","https://www.youtube.com/watch?v=dQUvMdC9_Wg&feature=youtu.be","WEBブラウザ可
    ThinkBoard可","2文字と式　1
    文字を使った式 03"
"小学6年","算数","４月","文字と式","305","わくわく算数","右のようなヨットの模型をつくります。底辺のひごの長さをｘ㎝，ほの面積をｙ㎠として，ｘとｙの関係を調べましょう。","https://www.youtube.com/watch?v=wmDEx1pm2Hw&feature=youtu.be","WEBブラウザ可
    ThinkBoard可","2文字と式　1
    文字を使った式 05"
"小学6年","算数","４月","文字と式","321","わくわく算数","上の絵で，クッキー1枚の値段をｘ円としたとき，次の式が何を表しているかを説明しましょう。","https://www.youtube.com/watch?v=SzqEGt3Rf1Y&feature=youtu.be","WEBブラウザ可
    ThinkBoard可","2文字と式　2
    式のよみ方 01"
"小学6年","算数","４月","文字と式","334","わくわく算数","底辺がａ㎝，高さが8㎝の三角形の面積を，いろいろな考え方で求めました。この3つの式は，それぞれ下のどの図から考えたものですか。","https://www.youtube.com/watch?v=dgMgQNfjr0I&feature=youtu.be","WEBブラウザ可
    ThinkBoard可","2文字と式　2
    式のよみ方 04"
"小学6年","算数","通年",,,"NHK for School","さんすう刑事ゼロのホームページ。このページから、様々な動画へのリンクが貼ってあります。","http://www.nhk.or.jp/sansuu/keiji/",,"さんすう刑事ゼロ"
"小学6年","算数","４月","対称な図形","10～25","NHK for School","容疑者が撮影した写真には、20：20を示すデジタル時計がうつっていた。そのトリックを、ゼロが「線対称」「点対称」の関係を使って明らかにしてゆく。","https://www.nhk.or.jp/sansuu/keiji/?das_id=D0005160044_00000",,"さんすう刑事ゼロ
    時計のトリックを見破れ　～対称～"
"小学6年","算数","通年",,,"NHK for School","アニメーションを使って算数を手触りのあるものとして教えます。また、試行錯誤を経て正解にたどりつくまでの道筋を追体験するように構成されています。","http://www.nhk.or.jp/sansuu/matemate2/",,"マテマティカ2"
"小学6年","社会","４月","わたしたちの生活と政治","政治・国際編
    6～63","NHK for School","日本国憲法とくらしの関係について、楽しく学べます。","https://www.nhk.or.jp/syakai/syakai_dokiri/",,"社会にドキリ"
"小学6年","社会","通年","日本の歴史","歴史編
    2～157","NHK for School","日本の歴史について楽しく学べます。","https://www.nhk.or.jp/syakai/dokiri/",,"歴史にドキリ"
"小学6年","社会","通年",,,"読売新聞","「よみうり新聞たんけん隊」の一部をどなたでも自由にダウンロードできます。","https://kyoiku.yomiuri.co.jp/kaihonews/contents/post-618.php",,"読売新聞教育ネットワーク"
"小学6年","社会","通年",,,"NHK for School",,"https://www.nhk.or.jp/school/selection/?syakai",,"動画クリップ セレクション101 小学校社会編"
"小学6年","社会","通年",,,"東京書籍","5．6年生で学習することをクイズ形式で復習できます。","https://kids.tokyo-shoseki.co.jp/kidsap/kids_syakaiquiz/",,"東書KIDS
    
    小学校社会科クイズ"
"小学6年","社会","通年",,"政治・国際編の教科書の範囲","東京書籍","Dマークコンテンツの内容が見られます。","https://sw21.tsho.jp/02pk/s6a/menu/s6a.html",,"教科書のDマークコンテンツ"
"小学6年","社会","通年",,"歴史編の教科書の範囲","東京書籍","Dマークコンテンツの内容が見られます。","https://sw22.tsho.jp/02pk/s6b/menu/s6b.html",,"教科書のDマークコンテンツ"
"小学6年","社会・総合","通年",,,"福井県
    教育博物館","楽しみながらふるさと福井を学べるページです。
    興味がわいたらさらに調べてみよう。","https://www.fukui-educate.jp/museum/",,"学びのページ"
"小学6年","理科","３月","電熱線と発熱",,"福井県教育
    総合研究所","研究所サイエンスラボの先生が電気の実験をわかりやすく解説しています。","https://www.youtube.com/watch?v=QKPptNU6W6k&feature=youtu.be",,"小学校６年生 理科
    　電熱線と発熱"
"小学6年","理科","３月","電気の利用",,"福井県教育
    総合研究所","いろいろな電気の利用が紹介されています。豆電球と発光ダイオードはどちらが電気を効率的に使えるのでしょう？","https://www.youtube.com/watch?v=-VMu4X-GuJs&feature=youtu.be",,"小学校６年生 理科
     電気の利用"
"小学6年","理科","３月","電気をつくる",,"福井県教育
    総合研究所","電気をつくるにはどのような方法があるのでしょう？","https://www.youtube.com/watch?v=JCQJcQrI_Kc&feature=youtu.be",,"小学校６年生 理科
    　電気をつくる"
"小学6年","理科","３月","地球に生きる","140～
    151","NHK for School","ロボットの開発に取り組む科学者の紹介や食べ物の保存方法，エネルギー資源の利用など，生活の中に「理科（科学）」の考え方や知識が活かされていることを知ることができます。","http://www.nhk.or.jp/rika/fushigi6/index.html",,"《ふしぎがいっぱい6年生》「ロボットと暮らす？（※2）」「くさらないヒミツ（※9）」「電気のあかり（※30）」
    
    ☆2～3分ほどの短い動画（※）で構成されており，自由に選択して視聴できます。"
"小学6年","理科","４月","物の燃え方と空気","12～27","NHK for School","物が燃え続けるにはとうしたらよいかを考えてみましょう。ロケットエンジンの燃える仕組みや消化器についても紹介されています。","http://www.nhk.or.jp/rika/endless6/",,"《ふしぎエンドレス6年》
    「燃えると？（※32）」
    「火が消えるのは？（※35）」☆1分ほどの短い動画（※）を自由に選択して視聴することができます。"
"小学6年","理科","通年",,,"NHK for School","いつも何気なく見ている物の中にも，たくさんの「ふしぎ」がひそんでいます。そんな「ふしぎ」を見つけるために役立つ様々な「科学の見方」が紹介されています。","http://www.nhk.or.jp/rika/mikata/",,"《カガクノミカタ》
    
    ☆第1回～第20回まであり，一つが10分となっています。"
"小学6年","理科","通年",,,"NHK for School","目がはなせなくなってしまうほど大きなスケールの科学実験が紹介されています。特製のコートに身を包んだ4色の実験レンジャーたちが，その様子を撮影しています。","http://www.nhk.or.jp/rika/daijikken/",,"《大科学実験》"
"小学6年","理科","通年",,,"NHK for School","カマキリ先生と子カマキリたちが，身近にいる昆虫のすごさと面白さを伝えています。","http://www.nhk.or.jp/school/sugoize/",,"《昆虫すごいぜ！》"
"小学6年","理科","通年",,,"NHK for School","画像の中の昆虫を自由に拡大したり回転させたりしながら，いろいろな角度から観察することができます。","http://www.nhk.or.jp/school/sukudo/zukan/",,"《ものすごい図鑑》"
"小学6年","理科","通年",,,"NHK for School","世界にちらばった「カプセル」の中には，ふしぎをとくための動画がつまっています。カプセルを集める旅に出かけてみましょう。","http://www.nhk.or.jp/school/rikamap/",,"《りかまっぷ～ふしぎのカプセルを集めよう！～》"
"小学6年","音楽","通年",,,"ヤマハデジタル音楽教材","ソプラノリコーダーの演奏の仕方がわかります。
    採点機能もあります。
    採点機能を使うにはGoogleChromeで検索してください。","https://ses.yamaha.com/products/experience/","５月６日まで","ソプラノリコーダー授業"
"小学6年","英語","４月","Unit1
    This is ME!","6～13","NHK for School","自分がどこの国出身なのか紹介する言い方がわかります。","https://www.nhk.or.jp/eigo/mission/?das_id=D0005140281_00000",,"基礎英語0
    世界エイゴミッション"
"小学6年","英語","４月","Unit1
    This is ME!","6～13","Youtube","NOBU先生が自分の名前と出身地の言い方といろいろな国の発音を教えてくれます。","https://www.youtube.com/watch?v=DvGpTXLAAdk&feature=youtu.be",,"10分動画×30回
    小5英語小6英語がばっちり身につくレッスン"
"小学6年","英語","４月","Unit1
    This is ME!","6～13","Youtube","NOBU先生が誕生日の聞き方と答えた方、月毎の発音を教えてくれます。","https://www.youtube.com/watch?v=N61SGE1DU8E&feature=youtu.be",,"10分動画×30回
    小5英語小6英語がばっちり身につくレッスン"
"小学6年","英語","４月","Unit1
    This is ME!","6～13","Youtube","NOBU先生が好きな教科の言い方とそれぞれの教科の名前の発音を教えてくれます。","https://www.youtube.com/watch?v=76249sCUw9E&feature=youtu.be",,"10分動画×30回
    小5英語小6英語がばっちり身につくレッスン"
"小学6年","英語","３月","Unit9
    Junior High School Life","66～73","Youtube","NOBU先生が人物の様子を表す言い方と様子を表す単語の発音を教えてくれます。","https://www.youtube.com/watch?v=MKvsmiNpvSc&feature=youtu.be",,"10分動画×30回
    小5英語小6英語がばっちり身につくレッスン"
"小学6年","英語","３月","Unit9
    Jnuior High School Life","66～73","Youtube","NOBU先生が中学校でしたいことを伝える言い方としたいことを表す単語の発音を教えてくれます。","https://www.youtube.com/watch?v=ECgc8b7JmSU&feature=youtu.be",,"10分動画×30回
    小5英語小6英語がばっちり身につくレッスン"
"小学6年","英語","３月","Unit9
    Junior High School Life","66～73","Youtube","NOBU先生が中学校でどのクラブに入りたいかを伝える言い方とクラブ名の発音を教えてくれます。","https://www.youtube.com/watch?v=wiwmVGYxkWU&feature=youtu.be",,"10分動画×30回
    小5英語小6英語がばっちり身につくレッスン"
"小学6年","英語","３月","Unit9
    Jnuior High School Life","66～73","NHK for School","「どんなことをしてみたいか」という尋ね方と答え方の言い方を知ることができます。","https://www.nhk.or.jp/eigo/mission/?das_id=D0005140297_00000",,"基礎英語0
    世界エイゴミッション"
"小学6年","英語","３月","Unit9
    Jnuior High School Life","66～73","NHK for School","小学校で学習した英語の表現の復習をすることができます。","https://www.nhk.or.jp/eigo/mission/?das_id=D0005140298_00000",,"基礎英語0
    世界エイゴミッション"
"小学6年","英語","通年",,,"Youtube","ももたろうを英語バージョンでお話を聞くことができます。","https://www.youtube.com/watch?v=QSRaaVIxR7E",,"ボンボンアカデミー"
"小学6年","英語","通年",,,"Youtube","きんたろうを英語バージョンでお話を聞くことができます。","https://www.youtube.com/watch?v=qasxJqFSZfU&list=PL1DnK3_eexijoHNVWAlC69PH6VWvrhnhr&index=7&t=0s",,"ボンボンアカデミー"
"小学6年","英語","通年",,,"Youtube","うらしまたろうを英語バージョンでお話を聞くことができます。","https://www.youtube.com/watch?v=EcHDMI0W2Dw&list=PL1DnK3_eexijoHNVWAlC69PH6VWvrhnhr&index=16&t=0s",,"ボンボンアカデミー"